Time (s),Volume (m^3),O2,Ar,He,Ne,N2,PFOA(1),C2F5(28),S(27),C5F11(24),S(23),S(25),C3F7(26),S(21),C4F9(22),C7HF15(3),CO2(2),C6F13(30),S(29),S(52),S(53),S(165),S(164),H(19),S(825)
0.0,0.11224537200000001,0.9,0.0,0.0,0.0,0.0,0.1,0.0,0.0,0.0,0.0,0.0,0.0,0.0,0.0,0.0,0.0,0.0,0.0,0.0,0.0,0.0,0.0,0.0,0.0
1.5277986851099217e-18,0.11224537200000007,0.9,0.0,0.0,0.0,0.0,0.0999999999999996,1.0517955922411106e-16,1.0517950803528871e-16,7.267308565954993e-17,7.267308565954993e-17,6.294441826932337e-17,6.294441830086586e-17,6.294270311076112e-17,6.294270311076112e-17,5.612382776393289e-17,5.612382776393289e-17,5.081550185859567e-17,5.081550185859567e-17,5.112752203994116e-23,6.130029974407908e-26,2.592436923139067e-26,5.618133034539667e-27,6.566748898465902e-35,6.566748898465902e-35
4.277836318307781e-18,0.11224537200000013,0.9,0.0,0.0,0.0,0.0,0.09999999999999885,2.9450276582750947e-16,2.94502456679355e-16,2.0348463984673883e-16,2.0348463984673883e-16,1.7624437105190688e-16,1.7624437124242357e-16,1.7623956871013026e-16,1.7623956871013026e-16,1.5714671773901132e-16,1.5714671773901132e-16,1.422834052040672e-16,1.422834052040672e-16,3.087779008338524e-22,3.7025363025337235e-25,1.565831880030264e-25,3.393352294748745e-26,7.796044169992694e-34,7.796044169992694e-34
9.7779115847035e-18,0.1122453720000003,0.9,0.0,0.0,0.0,0.0,0.09999999999999737,6.731491790343007e-16,6.73147690948233e-16,4.651077482211127e-16,4.651077482211127e-16,4.028442762082797e-16,4.0284427712553564e-16,4.028332999088653e-16,4.028332999088653e-16,3.591924976891652e-16,3.591924976891652e-16,3.252192118950075e-16,3.252192118950075e-16,1.4863034575605335e-21,1.7826100140874244e-24,7.538806249302435e-25,1.633752999274317e-25,7.65420213702719e-33,7.65420213702719e-33
2.0778062117494936e-17,0.11224537200000062,0.9,0.0,0.0,0.0,0.0,0.09999999999999441,1.4304420054478609e-15,1.430435509475828e-15,9.88353964969845e-16,9.88353964969845e-16,8.560440848858488e-16,8.560440888917463e-16,8.560207623063219e-16,8.560207623063219e-16,7.632840575894611e-16,7.632840575894611e-16,6.910908252768773e-16,6.910908252768773e-16,6.4881869227141986e-21,7.785110153177233e-24,3.2923945584277976e-24,7.13502805311065e-25,6.770054648410664e-32,6.770054648410664e-32
4.277836318307781e-17,0.1122453720000013,0.9,0.0,0.0,0.0,0.0,0.0999999999999885,2.9450276582748914e-15,2.94500056299944e-15,2.0348463984672478e-15,2.0348463984672478e-15,1.7624436957002825e-15,1.7624437124241142e-15,1.7623956871011815e-15,1.7623956871011815e-15,1.571467177390005e-15,1.571467177390005e-15,1.4228340520405737e-15,1.4228340520405737e-15,2.706277428373254e-20,3.250116789689873e-23,1.374509756085431e-23,2.9787333242337873e-24,5.690638083344489e-31,5.690638083344489e-31
8.677896531424355e-17,0.11224537200000263,0.9,0.0,0.0,0.0,0.0,0.09999999999997668,5.974198963928595e-15,5.974088467581657e-15,4.127831265461804e-15,4.127831265461804e-15,3.5752428911663415e-15,3.5752429594886355e-15,3.5751455366906864e-15,3.5751455366906864e-15,3.1878334169909013e-15,3.1878334169909013e-15,2.886320505567793e-15,2.886320505567793e-15,1.103635701594055e-19,1.3277677929566728e-22,5.615319528230801e-23,1.2169094014386075e-23,4.665527643602723e-30,4.665527643602723e-30
1.7478016957657503e-16,0.11224537200000528,0.9,0.0,0.0,0.0,0.0,0.09999999999995302,1.2032541575234569e-14,1.2032096513637464e-14,8.31380099944993e-15,8.31380099944993e-15,7.2008411774473e-15,7.20084145361682e-15,7.200645235868839e-15,7.200645235868839e-15,6.4205658961919295e-15,6.4205658961919295e-15,5.8132934126215414e-15,5.8132934126215414e-15,4.445249009550527e-19,5.3669614927729915e-22,2.2698008699067596e-22,4.918939496141748e-23,3.778263189145578e-29,3.778263189145578e-29
3.50782578101238e-16,0.11224537200001057,0.9,0.0,0.0,0.0,0.0,0.0999999999999057,2.414922679784078e-14,2.4147449823992572e-14,1.6685740467422218e-14,1.6685740467422218e-14,1.4452037331405203e-14,1.4452038441869758e-14,1.4451644634221706e-14,1.4451644634221706e-14,1.2886030854590927e-14,1.2886030854590927e-14,1.1667239226726264e-14,1.1667239226726264e-14,1.7748158868646434e-18,2.157961341676784e-21,9.12676090662642e-22,1.9778816278269205e-22,3.0410716021726583e-28,3.0410716021726583e-28
7.02787395150564e-16,0.11224537200002122,0.9,0.0,0.0,0.0,0.0,0.09999999999981109,4.838259724303028e-14,4.837556987007468e-14,3.3429619403350956e-14,3.3429619403350956e-14,2.8954427964909874e-14,2.8954432418361914e-14,2.895364343091373e-14,2.895364343091373e-14,2.5816960771376686e-14,2.5816960771376686e-14,2.3375130854924633e-14,2.3375130854924633e-14,7.018719118478721e-18,8.653837115418071e-21,3.660232460589374e-21,7.932171434214644e-22,2.440263122328808e-27,2.440263122328808e-27
1.4067970292492159e-15,0.11224537200004245,0.9,0.0,0.0,0.0,0.0,0.09999999999962185,9.684933813331755e-14,9.682195550289657e-14,6.691737727514506e-14,6.691737727514506e-14,5.795920253431415e-14,5.795922037129133e-14,5.79576410242429e-14,5.79576410242429e-14,5.1678820604899266e-14,5.1678820604899266e-14,4.679091411127706e-14,4.679091411127706e-14,2.734797420201125e-17,3.4656218963517084e-20,1.465996650350561e-20,3.176991135061968e-21,1.9551715165498285e-26,1.9551715165498285e-26
2.8148162974465197e-15,0.11224537200008491,0.9,0.0,0.0,0.0,0.0,0.09999999999924337,1.9378281991352525e-13,1.9367888610128782e-13,1.3389289301847977e-13,1.3389289301847977e-13,1.1596872488301822e-13,1.1596879627693064e-13,1.159656362106817e-13,1.159656362106817e-13,1.0340254027174866e-13,1.0340254027174866e-13,9.362248062380468e-14,9.362248062380468e-14,1.037951288218816e-16,1.3868341552552197e-19,5.86776306272259e-20,1.2716125244084191e-20,1.565312395259522e-25,1.565312395259522e-25
5.630854833841127e-15,0.11224537200016992,0.9,0.0,0.0,0.0,0.0,0.09999999999848641,3.8764978347247304e-13,3.872732343609339e-13,2.6784392450413525e-13,2.6784392450413525e-13,2.319876624225346e-13,2.3198794808733096e-13,2.31981626582681e-13,2.31981626582681e-13,2.0684997960466442e-13,2.0684997960466442e-13,1.8728561364815092e-13,1.8728561364815092e-13,3.759944190808733e-16,5.54692458258814e-19,2.347834296918563e-19,5.0880114019645726e-20,1.2527038053095591e-24,1.2527038053095591e-24
8.446893370235734e-15,0.11224537200025486,0.9,0.0,0.0,0.0,0.0,0.09999999999772945,5.815167470299535e-13,5.807679460695723e-13,4.0179495598877676e-13,4.0179495598877676e-13,3.4800649280668517e-13,3.480070998968531e-13,3.479976169538022e-13,3.479976169538022e-13,3.1029741893679714e-13,3.1029741893679714e-13,2.809487466717882e-13,2.809487466717882e-13,7.47622417956604e-16,1.1785424245465657e-18,4.989573862998585e-19,1.0812919942751302e-19,3.582263482137689e-24,3.582263482137689e-24
1.1262931906630341e-14,0.11224537200033984,0.9,0.0,0.0,0.0,0.0,0.09999999999697248,7.753837105859663e-13,7.74179586223915e-13,5.357459874724044e-13,5.357459874724044e-13,4.640252160379959e-13,4.64026251705497e-13,4.640136073240453e-13,4.640136073240453e-13,4.137448582681468e-13,4.137448582681468e-13,3.7461187969471635e-13,3.7461187969471635e-13,1.2021142246650307e-15,2.010137386311669e-18,8.51197187237956e-19,1.8446275756271055e-19,7.556370422443714e-24,7.556370422443714e-24
1.6895008979419558e-14,0.11224537200050975,0.9,0.0,0.0,0.0,0.0,0.09999999999545856,1.1631176376945478e-12,1.1608488497208508e-12,8.036480504372799e-13,8.036480504372799e-13,6.960624110272982e-13,6.960645553207237e-13,6.960455880624701e-13,6.960455880624701e-13,6.206397369290081e-13,6.206397369290081e-13,5.619381457389089e-13,5.619381457389089e-13,2.2646273230712094e-15,4.160650625801736e-18,1.762354758525715e-18,3.8191802758763257e-19,2.063961895190612e-23,2.063961895190612e-23
2.2527086052208772e-14,0.11224537200067969,0.9,0.0,0.0,0.0,0.0,0.09999999999394463,1.550851564797733e-12,1.5473137333336727e-12,1.0715501133984265e-12,1.0715501133984265e-12,9.280992119983737e-13,9.28102858932721e-13,9.280775687976655e-13,9.280775687976655e-13,8.2753461558699e-13,8.2753461558699e-13,7.49264411780494e-13,7.49264411780494e-13,3.530756948439516e-15,7.074515620791616e-18,2.997342633507352e-18,6.495485278966258e-19,4.318580561927914e-23,4.318580561927914e-23
3.37912401977872e-14,0.11224537200101956,0.9,0.0,0.0,0.0,0.0,0.09999999999091677,2.3263194189863826e-12,2.3198687507100954e-12,1.6073542393084762e-12,1.6073542393084762e-12,1.392171520226942e-12,1.3921794661461107e-12,1.3921415302574518e-12,1.3921415302574518e-12,1.241324372893498e-12,1.241324372893498e-12,1.1239169438551034e-12,1.1239169438551034e-12,6.435261328607302e-15,1.540694768004097e-17,6.530568166741622e-18,1.4152146335269148e-18,1.3636815296700918e-22,1.3636815296700918e-22
4.5055394343365626e-14,0.11224537200135942,0.9,0.0,0.0,0.0,0.0,0.09999999998788892,3.1017872731516733e-12,3.0920965370462997e-12,2.143158365202386e-12,2.143158365202386e-12,1.8562421231842887e-12,1.8562560733455206e-12,1.856205491703259e-12,1.856205491703259e-12,1.655114130187542e-12,1.655114130187542e-12,1.4985694759184272e-12,1.4985694759184272e-12,9.663696205233245e-15,2.7039900140646957e-17,1.1465275774107405e-17,2.4845752869387e-18,3.1017092513818518e-22,3.1017092513818518e-22
5.6319548488944054e-14,0.11224537200169929,0.9,0.0,0.0,0.0,0.0,0.09999999998486106,3.877255127293525e-12,3.864164500108762e-12,2.6789624910801006e-12,2.6789624910801006e-12,2.3203110151314982e-12,2.3203326805309036e-12,2.320269453135039e-12,2.320269453135039e-12,2.0689038874690785e-12,2.0689038874690785e-12,1.873222007970427e-12,1.873222007970427e-12,1.3048643731649872e-14,4.198345311266664e-17,1.780616762175859e-17,3.858641995205992e-18,5.897890408989759e-22,5.897890408989759e-22
6.758370263452248e-14,0.11224537200203914,0.9,0.0,0.0,0.0,0.0,0.0999999999818332,4.6527229814119096e-12,4.636163465456622e-12,3.2147666169416005e-12,3.2147666169416005e-12,2.7843781942632634e-12,2.7844092877022435e-12,2.7843334145527768e-12,2.7843334145527768e-12,2.4826936447380928e-12,2.4826936447380928e-12,2.247874540011089e-12,2.247874540011089e-12,1.6499275470800875e-14,6.024048448765059e-17,2.5554712499260036e-17,5.537725336496518e-18,1.001144397488269e-21,1.001144397488269e-21
9.011201092567934e-14,0.11224537200271885,0.9,0.0,0.0,0.0,0.0,0.09999999997577749,6.203658689531292e-12,6.180088408840114e-12,4.286374868583494e-12,4.286374868583494e-12,3.71250398645429e-12,3.712562501974673e-12,3.7124613373180046e-12,3.7124613373180046e-12,3.310273159213485e-12,3.310273159213485e-12,2.9971796040356996e-12,2.9971796040356996e-12,2.345695789097032e-14,1.1332280020789093e-16,4.8091525687569204e-17,1.0421197418569376e-17,2.7972772769766925e-21,2.7972772769766925e-21
1.1264031921683619e-13,0.11224537200339858,0.9,0.0,0.0,0.0,0.0,0.09999999996972178,7.754594397556754e-12,7.724003702028965e-12,5.357983120160494e-12,5.357983120160494e-12,4.640622926680305e-12,4.640715716190896e-12,4.6405892600270265e-12,4.6405892600270265e-12,4.1378526736387605e-12,4.1378526736387605e-12,3.7464846680149346e-12,3.7464846680149346e-12,3.041103913343101e-14,1.796563943567041e-16,7.625922602946434e-17,1.6524639200511325e-17,5.645361484347579e-21,5.645361484347579e-21
1.5769693579914993e-13,0.11224537200475805,0.9,0.0,0.0,0.0,0.0,0.09999999995761036,1.0856465813231997e-11,1.0811784922930068e-11,7.501199623054919e-12,7.501199623054919e-12,6.496833409604284e-12,6.497022144398517e-12,6.496845105220252e-12,6.496845105220252e-12,5.7930117022888495e-12,5.7930117022888495e-12,5.245094795791901e-12,5.245094795791901e-12,4.4315589745197814e-14,3.653005567318832e-16,1.5510871329090389e-16,3.3608850355023396e-17,1.7230587008796136e-20,1.7230587008796136e-20
2.4781016896377734e-13,0.11224537200747695,0.9,0.0,0.0,0.0,0.0,0.09999999993338753,1.7060208643079765e-11,1.6987138454396612e-11,1.1787632627805475e-11,1.1787632627805475e-11,1.0209144867925544e-11,1.020963499991446e-11,1.0209356794707428e-11,1.0209356794707428e-11,9.103329758787173e-12,9.103329758787173e-12,8.242315050619824e-12,8.242315050619824e-12,7.212191718389461e-14,9.48271499253602e-16,4.027884011739917e-16,8.7266194517054e-17,7.739322473432944e-20,7.739322473432944e-20
3.3792340212840476e-13,0.11224537201019585,0.9,0.0,0.0,0.0,0.0,0.0999999999091647,2.3263951471424802e-11,2.316228172155727e-11,1.6074065631517734e-11,1.6074065631517734e-11,1.3921346901235216e-11,1.3922247854531102e-11,1.3921868483295327e-11,1.3921868483295327e-11,1.2413647814483643e-11,1.2413647814483643e-11,1.1239535304721736e-11,1.1239535304721736e-11,9.992704990115512e-14,1.7426999663778845e-15,7.403732327570318e-16,1.6039209316200386e-16,1.8796996580053753e-19,1.8796996580053753e-19
4.280366352930322e-13,0.11224537201291476,0.9,0.0,0.0,0.0,0.0,0.09999999988494186,2.946769429826712e-11,2.9337214734924894e-11,2.0360498634191696e-11,2.0360498634191696e-11,1.763343959197809e-11,1.7634860708248444e-11,1.7634380170983952e-11,1.7634380170983952e-11,1.5723965869378262e-11,1.5723965869378262e-11,1.4236755558097635e-11,1.4236755558097635e-11,1.2773120224525398e-13,2.748361096972236e-15,1.1677877016169071e-15,2.529662000373668e-16,3.6236869985646903e-19,3.6236869985646903e-19
6.08263101622287e-13,0.11224537201835255,0.9,0.0,0.0,0.0,0.0,0.09999999983649618,4.1875179948424964e-11,4.1686587933245143e-11,2.893336463710281e-11,2.893336463710281e-11,2.5057368608625802e-11,2.5060086413572525e-11,2.5059403544250657e-11,2.5059403544250657e-11,2.23446019772856e-11,2.23446019772856e-11,2.0231196063145527e-11,2.0231196063145527e-11,1.8333727828796198e-13,5.2547368918562564e-15,2.2332073217809588e-15,4.836951355356814e-16,9.024894048487893e-19,9.024894048487893e-19
7.884895679515419e-13,0.11224537202379037,0.9,0.0,0.0,0.0,0.0,0.0999999997880505,5.4282665593056755e-11,5.40351896873804e-11,3.7506230636195734e-11,3.7506230636195734e-11,3.2480896217516126e-11,3.248531211558956e-11,3.24844269142104e-11,3.24844269142104e-11,2.8965238082244237e-11,2.8965238082244237e-11,2.6225636565523614e-11,2.6225636565523614e-11,2.3893987963579755e-13,8.536026040562448e-15,3.628336233078352e-15,7.857733564225353e-16,1.7884839390296608e-18,1.7884839390296608e-18
9.687160342807967e-13,0.11224537202922817,0.9,0.0,0.0,0.0,0.0,0.09999999973960483,6.669015123176778e-11,6.638296638649859e-11,4.6079096631197756e-11,4.6079096631197756e-11,3.990399429616729e-11,3.9910537814063325e-11,3.9909450280626975e-11,3.9909450280626975e-11,3.558587418404355e-11,3.558587418404355e-11,3.2220077065041204e-11,3.2220077065041204e-11,2.9453876343555043e-13,1.264608183362943e-14,5.37622181680874e-15,1.1641617148234924e-15,3.1343644037429343e-18,3.1343644037429343e-18
1e-12,0.11224537204010378,0.9,0.0,0.0,0.0,0.0,0.09999999973119555,6.884386019126576e-11,6.852622552942295e-11,4.756718687281817e-11,4.756718687281817e-11,4.119246165190227e-11,4.119941902487075e-11,4.1198296370348873e-11,4.1198296370348873e-11,3.673509359119994e-11,3.673509359119994e-11,3.326060055117838e-11,3.326060055117838e-11,3.041893118019388e-13,1.3445350040877294e-14,5.716189471193625e-15,1.2377472107225543e-15,3.4362865671362643e-18,3.4362865671362643e-18
1.3291689669393066e-12,0.11224537204010378,0.9,0.0,0.0,0.0,0.0,0.09999999964271347,9.150512249105563e-11,9.107600285571966e-11,6.322482860867208e-11,6.322482860867208e-11,5.4748878595865225e-11,5.47609892001585e-11,5.475949700260807e-11,5.475949700260807e-11,4.8827146377965765e-11,4.8827146377965765e-11,4.420895805531517e-11,4.420895805531517e-11,4.057251984524146e-13,2.339443688355934e-14,9.949019608828282e-15,2.153746826456169e-15,7.837857989037304e-18,7.837857989037304e-18
1.6896218995978163e-12,0.11224537205097938,0.9,0.0,0.0,0.0,0.0,0.09999999954582212,1.1632009372629611e-10,1.1576571072332344e-10,8.037056056953104e-11,8.037056056953104e-11,6.959202660676567e-11,6.961144057186259e-11,6.960954371019848e-11,6.960954371019848e-11,6.20684185590563e-11,6.20684185590563e-11,5.619783903397112e-11,5.619783903397112e-11,5.168966432317678e-13,3.748635974091673e-14,1.5946982332815274e-14,3.451232190116815e-15,1.5750573992730878e-17,1.5750573992730878e-17
2.410527764914836e-12,0.11224537207273061,0.9,0.0,0.0,0.0,0.0,0.0999999993520394,1.659500361246451e-10,1.6513521476934275e-10,1.146620244414099e-10,1.146620244414099e-10,9.92731413611156e-11,9.931234327210361e-11,9.930963708221326e-11,9.930963708221326e-11,8.855096288274776e-11,8.855096288274776e-11,8.017560095643382e-11,8.017560095643382e-11,7.391948957498073e-13,7.562645955254933e-14,3.219318999236815e-14,6.963162300189345e-15,4.55586954441658e-17,4.55586954441658e-17
3.1314336302318554e-12,0.11224537209448182,0.9,0.0,0.0,0.0,0.0,0.09999999915825669,2.1557997842681813e-10,2.1449157783663133e-10,1.4895348824683665e-10,1.4895348824683665e-10,1.2894737536689117e-10,1.2901324591478835e-10,1.290097303966734e-10,1.290097303966734e-10,1.1503350715511971e-10,1.1503350715511971e-10,1.0415336283243093e-10,1.0415336283243093e-10,9.614339682185237e-13,1.269666219682601e-13,5.408114722505213e-14,1.1690919816782385e-14,9.848085535305117e-17,9.848085535305117e-17
3.852339495548875e-12,0.112245372116233,0.9,0.0,0.0,0.0,0.0,0.09999999896447398,2.6520992063281634e-10,2.6383490702800356e-10,1.8324495198581204e-10,1.8324495198581204e-10,1.5861476832080736e-10,1.587141484999176e-10,1.5870982365357951e-10,1.5870982365357951e-10,1.415160513761728e-10,1.415160513761728e-10,1.2813112466196302e-10,1.2813112466196302e-10,1.1836143429728292e-12,1.9139926183996604e-13,8.157449055552042e-14,1.7624762826115388e-14,1.809257285933596e-16,1.809257285933596e-16
4.573245360865894e-12,0.11224537213798427,0.9,0.0,0.0,0.0,0.0,0.09999999877069127,3.1483986274264007e-10,3.131653114238937e-10,2.1753641565833641e-10,2.1753641565833641e-10,1.882753606984892e-10,1.8841505102749145e-10,1.8840991685293188e-10,1.8840991685293188e-10,1.6799859554590721e-10,1.6799859554590721e-10,1.5210888644503025e-10,1.5210888644503025e-10,1.4057365112537678e-12,2.6881480749256e-13,1.146361335252043e-13,2.475476779193514e-14,2.9942768513810966e-16,2.9942768513810966e-16
6.015057091499933e-12,0.11224537218148672,0.9,0.0,0.0,0.0,0.0,0.09999999838312586,4.1409974667376424e-10,4.117877443250218e-10,2.86119342804032e-10,2.86119342804032e-10,2.475762919189078e-10,2.4781685590997325e-10,2.4781010307897534e-10,2.4781010307897534e-10,2.2096368373142e-10,2.2096368373142e-10,2.000644098717702e-10,2.000644098717702e-10,1.8498080230108296e-12,4.621943257316386e-13,1.9732850197251968e-13,4.2567000140405957e-14,6.684889525916304e-16,6.684889525916304e-16
7.456868822133971e-12,0.1122453722249892,0.9,0.0,0.0,0.0,0.0,0.09999999799556045,5.133596302201911e-10,5.103597337603763e-10,3.547022696839237e-10,3.547022696839237e-10,3.0685048816661734e-10,3.0721866056223407e-10,3.0721028907480424e-10,3.0721028907480424e-10,2.7392877171165843e-10,2.7392877171165843e-10,2.480199331126511e-10,2.480199331126511e-10,2.293652363958688e-12,7.062440958561435e-13,3.0186574577788237e-13,6.504959834762662e-14,1.2570514912983105e-15,1.2570514912983105e-15
8.89868055276801e-12,0.11224537226849172,0.9,0.0,0.0,0.0,0.0,0.09999999760799504,6.126195133819208e-10,6.088821681777782e-10,4.232851962980116e-10,4.232851962980116e-10,3.6609828121177777e-10,3.6662046498427413e-10,3.6661047484041844e-10,3.6661047484041844e-10,3.268938594866226e-10,3.268938594866226e-10,2.9597545616767293e-10,2.9597545616767293e-10,2.7372735351988976e-12,1.0000716689439562e-12,4.2794371114492903e-13,9.21216710366521e-14,2.1183903148295745e-15,2.1183903148295745e-15
1e-11,0.11224537235549688,0.9,0.0,0.0,0.0,0.0,0.09999999731195547,6.884385936125054e-10,6.841050865611821e-10,4.756718629932499e-10,4.756718629932499e-10,4.113367687797768e-10,4.1199418528150504e-10,4.119829587364216e-10,4.119829587364216e-10,3.673509314830389e-10,3.673509314830389e-10,3.3260600150172404e-10,3.3260600150172404e-10,3.075982956950602e-12,1.257524094372846e-12,5.385802872393242e-13,1.158451416043825e-13,2.9910728844603357e-15,2.9910728844603357e-15
1.1782304014036088e-11,0.11224537235549688,0.9,0.0,0.0,0.0,0.0,0.09999999683286422,8.111392785512882e-10,8.057817014335708e-10,5.604510487287758e-10,5.604510487287758e-10,4.845159102961977e-10,4.854240731376911e-10,4.854108456810027e-10,4.854108456810027e-10,4.3282403442072774e-10,4.3282403442072774e-10,3.918865017201393e-10,3.918865017201393e-10,3.6238613627568204e-12,1.7337157549606215e-12,7.435728415326693e-13,1.5973081695062575e-13,4.859183010036888e-15,4.859183010036888e-15
1.4377565129177358e-11,0.1122453724338017,0.9,0.0,0.0,0.0,0.0,0.09999999613524647,9.898070658880534e-10,9.828300975305352e-10,6.839003150074141e-10,6.839003150074141e-10,5.91004600413002e-10,5.923473196884105e-10,5.923311786501942e-10,5.923311786501942e-10,5.281611911593841e-10,5.281611911593841e-10,4.782064420817208e-10,4.782064420817208e-10,4.421064520444731e-12,2.5559038370735814e-12,1.0984436608547971e-12,2.3551909835112003e-13,8.756516202396455e-15,8.756516202396455e-15
1.6972826244318628e-11,0.11224537251210667,0.9,0.0,0.0,0.0,0.0,0.09999999543762876,1.1684748519783984e-09,1.1597305680428273e-09,8.073495804248473e-10,8.073495804248473e-10,6.97412513703944e-10,6.992705654932136e-10,6.992515108734895e-10,6.992515108734895e-10,6.234983472329516e-10,6.234983472329516e-10,5.645263818411186e-10,5.645263818411186e-10,5.2176014991889276e-12,3.5266824363820273e-12,1.5187303867401398e-12,3.2502553062822824e-13,1.4295871901235247e-14,1.4295871901235247e-14
1.95680873594599e-11,0.11224537259041187,0.9,0.0,0.0,0.0,0.0,0.09999999474001103,1.3471426368223227e-09,1.336487578008518e-09,9.307988449810756e-10,9.307988449810756e-10,8.03741354138518e-10,8.061938105521001e-10,8.061718423508889e-10,8.061718423508889e-10,7.188355026414301e-10,7.188355026414301e-10,6.508463209983326e-10,6.508463209983326e-10,6.013492407169738e-12,4.6415664066350765e-12,2.002868446421355e-12,4.2784249018174155e-13,2.174547697932514e-14,2.174547697932514e-14
2.216334847460117e-11,0.1122453726687173,0.9,0.0,0.0,0.0,0.0,0.09999999404239333,1.5258104204198261e-09,1.513105456903766e-09,1.0542481086760987e-09,1.0542481086760987e-09,9.099927843301872e-10,9.131170548650704e-10,9.130921730823921e-10,9.130921730823921e-10,8.141726573848197e-10,8.141726573848197e-10,7.371662595533627e-10,7.371662595533627e-10,6.808756742068226e-12,5.8962067739921084e-12,2.5493305649401625e-12,5.435744267587586e-13,3.136554318434262e-14,3.136554318434262e-14
2.475860958974244e-11,0.112245372747023,0.9,0.0,0.0,0.0,0.0,0.09999999334477562,1.7044782027709086e-09,1.6895884045245066e-09,1.1776973715099159e-09,1.1776973715099159e-09,1.016168427107297e-09,1.0200402984321238e-09,1.0200125030679989e-09,1.0200125030679989e-09,9.095098114631204e-10,9.095098114631204e-10,8.234861975062089e-10,8.234861975062089e-10,7.603413417553946e-12,7.286384828847905e-12,3.1566253664160465e-12,6.718373493542487e-13,4.340860905678769e-14,4.340860905678769e-14
2.9949131820024977e-11,0.11224537290363536,0.9,0.0,0.0,0.0,0.0,0.0999999919495402,2.0618137637338074e-09,2.0421657205980017e-09,1.4245958945939338e-09,1.4245958945939338e-09,1.2282986601155336e-09,1.2338867833284804e-09,1.2338531608015232e-09,1.2338531608015232e-09,1.100184117624455e-09,1.100184117624455e-09,9.96126071605349e-10,9.96126071605349e-10,9.190976812557808e-12,1.0457066323247869e-11,4.547911574573255e-12,9.644723776215959e-13,7.573926075187439e-14,7.573926075187439e-14
3.513965405030752e-11,0.11224537306024913,0.9,0.0,0.0,0.0,0.0,0.09999999055430481,2.419149319711017e-09,2.3942506872387368e-09,1.6714944142331274e-09,1.6714944142331274e-09,1.4401442771692763e-09,1.4477332652411687e-09,1.44769381555146e-09,1.44769381555146e-09,1.2908584211254338e-09,1.2908584211254338e-09,1.1687659432957525e-09,1.1687659432957525e-09,1.0776322924961843e-11,1.4122309547318364e-11,6.165481457706761e-12,1.302893317320754e-12,1.2061329686500334e-13,1.2061329686500334e-13
4.033017628059006e-11,0.11224537321686447,0.9,0.0,0.0,0.0,0.0,0.09999998915906945,2.776484870702535e-09,2.745872509493149e-09,1.918392930427495e-09,1.918392930427495e-09,1.6517168861401068e-09,1.6615797441701879e-09,1.6615344673178096e-09,1.6615344673178096e-09,1.4815327219660576e-09,1.4815327219660576e-09,1.3414058125774182e-09,1.3414058125774182e-09,1.2359583278916782e-11,1.8252777930468803e-11,7.998646646295107e-12,1.6844208796524241e-12,1.797905041337883e-13,1.797905041337883e-13
4.55206985108726e-11,0.11224537337348162,0.9,0.0,0.0,0.0,0.0,0.09999998776383409,3.1338204167083572e-09,3.0970586599235626e-09,2.165291443177037e-09,2.165291443177037e-09,1.8630275391747568e-09,1.8754262201155374e-09,1.8753751161005696e-09,1.8753751161005696e-09,1.6722070201463257e-09,1.6722070201463257e-09,1.5140456794503459e-09,1.5140456794503459e-09,1.3940881596380107e-11,2.2820875188414595e-11,1.0037222162521268e-11,2.1065311453252673e-12,2.54927632933952e-13,2.54927632933952e-13
5.071122074115514e-11,0.11224537353010074,0.9,0.0,0.0,0.0,0.0,0.09999998636859878,3.4911559577284813e-09,3.4478350711611863e-09,2.4121899524817504e-09,2.4121899524817504e-09,2.07408678667213e-09,2.0892726930772152e-09,2.0892157618997403e-09,2.0892157618997403e-09,1.862881315666238e-09,1.862881315666238e-09,1.6866855439145351e-09,1.6866855439145351e-09,1.5520334664262968e-11,2.7800551903032847e-11,1.2271478129069927e-11,2.566838598851986e-12,3.4758967716362933e-13,3.4758967716362933e-13
5.590174297143768e-11,0.11224537368672197,0.9,0.0,0.0,0.0,0.0,0.09999998497336346,3.8484914937629054e-09,3.798226192800861e-09,2.6590884583416347e-09,2.6590884583416347e-09,2.2849046924645444e-09,2.303119163055221e-09,2.30305640471532e-09,2.30305640471532e-09,2.0535556085257948e-09,2.0535556085257948e-09,1.859325405969985e-09,1.859325405969985e-09,1.709805259067968e-11,3.3167248371364715e-11,1.4692126258562102e-11,3.0630911394448546e-12,4.592531926701259e-13,4.592531926701259e-13
6.109226520172022e-11,0.1122453738433455,0.9,0.0,0.0,0.0,0.0,0.09999998357812816,4.205827024811627e-09,4.148254976181972e-09,2.905986960756688e-09,2.905986960756688e-09,2.495490826966636e-09,2.516965630049554e-09,2.516897044547308e-09,2.516897044547308e-09,2.244229898724996e-09,2.244229898724996e-09,2.0319652656166944e-09,2.0319652656166944e-09,1.867413873634657e-11,3.8897909893307076e-11,1.7290326215743742e-11,3.5931715132616195e-12,5.913053539125644e-13,5.913053539125644e-13
6.823573414986566e-11,0.11224537405890302,0.9,0.0,0.0,0.0,0.0,0.09999998165793221,4.697610917559012e-09,4.6294298727347235e-09,3.245781624541813e-09,3.245781624541813e-09,2.7849481910726067e-09,2.8112723497874645e-09,2.811195744638884e-09,2.811195744638884e-09,2.5066458538521505e-09,2.5066458538521505e-09,2.269561291881573e-09,2.269561291881573e-09,2.0840740401024525e-11,4.7340304423264373e-11,2.114102501066078e-11,4.3743689036329274e-12,8.087648005638522e-13,8.087648005638522e-13
7.53792030980111e-11,0.11224537427446549,0.9,0.0,0.0,0.0,0.0,0.09999997973773629,5.189394800863109e-09,5.110011332679716e-09,3.5855762818021783e-09,3.5855762818021783e-09,3.0740061206558205e-09,3.1055790638740825e-09,3.10549443907932e-09,3.10549443907932e-09,2.769061803940403e-09,2.769061803940403e-09,2.5071573135841244e-09,2.5071573135841244e-09,2.3004669539749892e-11,5.637879864364299e-11,2.5291430618291538e-11,5.211051973048327e-12,1.0704606269220806e-12,1.0704606269220806e-12
8.252267204615653e-11,0.11224537449003325,0.9,0.0,0.0,0.0,0.0,0.09999997781754041,5.68117867472391e-09,5.590047294704042e-09,3.925370932537782e-09,3.925370932537782e-09,3.3626855193323366e-09,3.3998857723094055e-09,3.399793127868615e-09,3.399793127868615e-09,3.0314777489897553e-09,3.0314777489897553e-09,2.7447533307243474e-09,2.7447533307243474e-09,2.5166142042988316e-11,6.596523797688074e-11,2.9722179675357446e-11,6.09877639498403e-12,1.3792969067267422e-12,1.3792969067267422e-12
8.966614099430197e-11,0.11224537470560661,0.9,0.0,0.0,0.0,0.0,0.09999997589734458,6.17296253914141e-09,6.069581910112193e-09,4.265165576748616e-09,4.265165576748616e-09,3.6510059583187926e-09,3.6941924750934296e-09,3.694091811006766e-09,3.694091811006766e-09,3.2938936890002056e-09,3.2938936890002056e-09,2.9823493433022387e-09,2.9823493433022387e-09,2.732535674498303e-11,7.605527228423401e-11,3.4415124934691796e-11,7.033441776993621e-12,1.7379500629527801e-12,1.7379500629527801e-12
9.68096099424474e-11,0.11224537492118583,0.9,0.0,0.0,0.0,0.0,0.09999997397714876,6.6647463941156e-09,6.548655704617301e-09,4.604960214434683e-09,4.604960214434683e-09,3.9389857150852566e-09,3.988499172226155e-09,3.988390488493771e-09,3.988390488493771e-09,3.5563096239717545e-09,3.5563096239717545e-09,3.219945351317799e-09,3.219945351317799e-09,2.948249615243669e-11,8.660819334586189e-11,3.9353301308412686e-11,8.011277572138802e-12,2.148878260346599e-12,2.148878260346599e-12
9.999999999999999e-11,0.11224537513677116,0.9,0.0,0.0,0.0,0.0,0.09999997311955791,6.884385103399854e-09,6.762478981047884e-09,4.756718054567515e-09,4.756718054567515e-09,4.067496680260594e-09,4.11994135447376e-09,4.119829089036491e-09,4.119829089036491e-09,3.673508870489934e-09,3.673508870489934e-09,3.3260596127027553e-09,3.3260596127027553e-09,3.044528428983291e-11,9.146083806213706e-11,4.163376413458336e-11,8.461013844212325e-12,2.349896234370155e-12,2.349896234370155e-12
1.0395307889059284e-10,0.11224537513677116,0.9,0.0,0.0,0.0,0.0,0.09999997205695298,7.156530239646472e-09,7.027305999252422e-09,4.944754845595974e-09,4.944754845595974e-09,4.226641901078954e-09,4.282805863707577e-09,4.282689160329624e-09,4.282689160329624e-09,3.818725553904404e-09,3.818725553904404e-09,3.4575413547710244e-09,3.4575413547710244e-09,3.163772833954469e-11,9.758651205450563e-11,4.452081076596753e-11,9.028805518952944e-12,2.6143463437019906e-12,2.6143463437019906e-12
1.1109654783873828e-10,0.11224537535236284,0.9,0.0,0.0,0.0,0.0,0.09999997013675724,7.64831407573402e-09,7.505567025524198e-09,5.284549470232488e-09,5.284549470232488e-09,4.513990491642526e-09,4.577112549537694e-09,4.576987826514326e-09,4.576987826514326e-09,4.081141478798151e-09,4.081141478798151e-09,3.6951373536619146e-09,3.6951373536619146e-09,3.3791207466632694e-11,1.0895584274318745e-10,4.990279580083785e-11,1.0082829512571017e-11,3.1364325817585427e-12,3.1364325817585427e-12
1.1824001678688371e-10,0.1122453755679611,0.9,0.0,0.0,0.0,0.0,0.09999996821656154,8.140097902378239e-09,7.983470290478892e-09,5.624344088344222e-09,5.624344088344222e-09,4.801046434811754e-09,4.871419229716502e-09,4.871286487047873e-09,4.871286487047873e-09,4.343557398652999e-09,4.343557398652999e-09,3.932733347990466e-09,3.932733347990466e-09,3.594307542507335e-11,1.206845364742718e-10,5.548534156566311e-11,1.1170403047541683e-11,3.717050291542709e-12,3.717050291542709e-12
1.2538348573502915e-10,0.11224537578356612,0.9,0.0,0.0,0.0,0.0,0.09999996629636589,8.631881719579115e-09,8.461044698681975e-09,5.96413869993117e-09,5.96413869993117e-09,5.087823688891091e-09,5.165725904243999e-09,5.165585141930263e-09,5.165585141930263e-09,4.605973313468944e-09,4.605973313468944e-09,4.17032933775668e-09,4.17032933775668e-09,3.8093462386575547e-11,1.327435585105604e-10,6.12554419681752e-11,1.2288818298227161e-11,4.357955086504522e-12,4.357955086504522e-12
1.325269546831746e-10,0.11224537599917807,0.9,0.0,0.0,0.0,0.0,0.09999996437617024,9.123665527336645e-09,8.938316949567811e-09,6.303933304993332e-09,6.303933304993332e-09,5.374335346582475e-09,5.460032573120184e-09,5.459883791161494e-09,5.459883791161494e-09,4.868389223245989e-09,4.868389223245989e-09,4.407925322960552e-09,4.407925322960552e-09,4.0242488590488066e-11,1.4510608917834323e-10,6.720088753705439e-11,1.3435570462316314e-11,5.060768538336813e-12,5.060768538336813e-12
1.3967042363132002e-10,0.11224537621479715,0.9,0.0,0.0,0.0,0.0,0.09999996245597466,9.615449325650823e-09,9.415311433901038e-09,6.643727903530701e-09,6.643727903530701e-09,5.660593602895461e-09,5.754339236345051e-09,5.7541824347415584e-09,5.7541824347415584e-09,5.130805127984134e-09,5.130805127984134e-09,4.645521303602082e-09,4.645521303602082e-09,4.239026387827032e-11,1.5774762787151016e-10,7.331029439208811e-11,1.460836703799565e-11,5.826972019506171e-12,5.826972019506171e-12
1.4681389257946546e-10,0.11224537643042351,0.9,0.0,0.0,0.0,0.0,0.09999996053577911,1.010723311452164e-08,9.89205063920265e-09,6.983522495543276e-09,6.983522495543276e-09,5.94660988321154e-09,6.048645893918601e-09,6.048481072670461e-09,6.048481072670461e-09,5.393221027683378e-09,5.393221027683378e-09,4.883117279681268e-09,4.883117279681268e-09,4.453688952572429e-11,1.7064558579325915e-10,7.957298844771211e-11,1.5805091370412708e-11,6.6579308889366005e-12,6.6579308889366005e-12
1.539573615276109e-10,0.11224537664605723,0.9,0.0,0.0,0.0,0.0,0.09999995861558358,1.059901689394909e-08,1.0368555250073928e-08,7.323317081031051e-09,7.323317081031051e-09,6.232394876115538e-09,6.3429525458408315e-09,6.342779704948193e-09,6.342779704948193e-09,5.655636922343721e-09,5.655636922343721e-09,5.120713251198107e-09,5.120713251198107e-09,4.6682458687286403e-11,1.8377918518786714e-10,8.597897563961053e-11,1.7023793577578044e-11,7.554900508105015e-12,7.554900508105015e-12
1.6110083047575633e-10,0.1122453768616985,0.9,0.0,0.0,0.0,0.0,0.09999995669538811,1.1090800663933161e-08,1.0844844330383703e-08,7.663111659994025e-09,7.663111659994025e-09,6.517958592353335e-09,6.637259192111738e-09,6.637078331574757e-09,6.637078331574757e-09,5.918052811965166e-09,5.918052811965166e-09,5.3583092181525985e-09,5.3583092181525985e-09,4.882705720528855e-11,1.971292763441618e-10,9.251888850190747e-11,1.8262674119171238e-11,8.519037137323187e-12,8.519037137323187e-12
1.6824429942390177e-10,0.11224537707734743,0.9,0.0,0.0,0.0,0.0,0.09999995477519268,1.1582584424473852e-08,1.1320935282874139e-08,8.002906232432192e-09,8.002906232432192e-09,6.803310354183351e-09,6.931565832731318e-09,6.931376952550145e-09,6.931376952550145e-09,6.180468696547709e-09,6.180468696547709e-09,5.595905180544741e-09,5.595905180544741e-09,5.097076345153549e-11,2.106783781481692e-10,9.91839956313678e-11,1.952008733916786e-11,9.551395577429067e-12,9.551395577429067e-12
1.753877683720472e-10,0.11224537729300411,0.9,0.0,0.0,0.0,0.0,0.09999995285499726,1.207436817557115e-08,1.1796844176083586e-08,8.34270079834555e-09,8.34270079834555e-09,7.08845890297397e-09,7.225872467699569e-09,7.2256755678743585e-09,7.2256755678743585e-09,6.442884576091352e-09,6.442884576091352e-09,5.833501138374532e-09,5.833501138374532e-09,5.3113649820832296e-11,2.2441034966672597e-10,1.0596610405063529e-10,2.0794511915319925e-11,1.065294875964268e-11,1.065294875964268e-11
1.8253123732019264e-10,0.11224537750866868,0.9,0.0,0.0,0.0,0.0,0.09999995093480189,1.2566151917225054e-08,1.227258562199869e-08,8.682495357734099e-09,8.682495357734099e-09,7.37341236132609e-09,7.52017909701649e-09,7.519974177547392e-09,7.519974177547392e-09,6.705300450596096e-09,6.705300450596096e-09,6.071097091641971e-09,6.071097091641971e-09,5.525578211095608e-11,2.383105131154018e-10,1.1285759339824334e-10,2.2084561825742652e-11,1.1824580466411369e-11,1.1824580466411369e-11
1.8967470626833808e-10,0.11224537772434118,0.9,0.0,0.0,0.0,0.0,0.09999994901460657,1.3057935649435554e-08,1.2748173157169921e-08,9.022289910597826e-09,9.022289910597826e-09,7.658178360103998e-09,7.814485720682077e-09,7.814272781569245e-09,7.814272781569245e-09,6.9677163200619394e-09,6.9677163200619394e-09,6.308693040347053e-09,6.308693040347053e-09,5.739722121321958e-11,2.523652710524073e-10,1.1985130053461327e-10,2.3388951843012828e-11,1.3067108200451879e-11,1.3067108200451879e-11
1.9681817521648352e-10,0.11224537794002172,0.9,0.0,0.0,0.0,0.0,0.09999994709441126,1.3549719372202642e-08,1.3223619270676612e-08,9.36208445693674e-09,9.36208445693674e-09,7.942764051603024e-09,8.108792338696326e-09,8.108571379939913e-09,8.108571379939913e-09,7.2301321844888845e-09,7.2301321844888845e-09,6.546288984489782e-09,6.546288984489782e-09,5.95380234018548e-11,2.665620781241656e-10,1.2694050729492687e-10,2.4706494846406377e-11,1.4381284951969834e-11,1.4381284951969834e-11
2.0396164416462895e-10,0.11224537815571038,0.9,0.0,0.0,0.0,0.0,0.09999994517421601,1.4041503085526313e-08,1.3698935511592622e-08,9.701878996750824e-09,9.701878996750824e-09,8.22717614754652e-09,8.40309895105924e-09,8.402869972659395e-09,8.402869972659395e-09,7.49254804387693e-09,7.49254804387693e-09,6.783884924070152e-09,6.783884924070152e-09,6.167824085828077e-11,2.8088933307540056e-10,1.3411890581051089e-10,2.6036092006143513e-11,1.576780569606492e-11,1.576780569606492e-11
2.111051131127744e-10,0.11224537837140722,0.9,0.0,0.0,0.0,0.0,0.0999999432540208,1.4533286789406555e-08,1.417413235765924e-08,1.0041673530040083e-08,1.0041673530040083e-08,8.51142087949433e-09,8.69740555777081e-09,8.697168559727687e-09,8.697168559727687e-09,7.754963898226074e-09,7.754963898226074e-09,7.021480859088163e-09,7.021480859088163e-09,6.381792063810242e-11,2.953365111092058e-10,1.4138063414423018e-10,2.737674456260077e-11,1.7227299569651163e-11,1.7227299569651163e-11
2.1824858206091983e-10,0.11224537858711234,0.9,0.0,0.0,0.0,0.0,0.0999999413338256,1.5025070483843368e-08,1.4649219509655679e-08,1.0381468056804512e-08,1.0381468056804512e-08,8.795504099166416e-09,8.991712158831037e-09,8.991467141144792e-09,8.991467141144792e-09,8.017379747536318e-09,8.017379747536318e-09,7.25907678954381e-09,7.25907678954381e-09,6.595710602637288e-11,3.098938681613072e-10,1.487201849915274e-10,2.8727527090000754e-11,1.8760347583094867e-11,1.8760347583094867e-11
2.2539205100906526e-10,0.11224537880282574,0.9,0.0,0.0,0.0,0.0,0.09999993941363046,1.5516854168836734e-08,1.5124205703254315e-08,1.0721262577044107e-08,1.0721262577044107e-08,9.079431218813222e-09,9.286018754239919e-09,9.285765716910696e-09,9.285765716910696e-09,8.279795591807666e-09,8.279795591807666e-09,7.496672715437097e-09,7.496672715437097e-09,6.809583683820355e-11,3.2455262874421054e-10,1.5613245963732618e-10,3.008760434878455e-11,2.0367471440587214e-11,2.0367471440587214e-11
2.325355199572107e-10,0.11224537901854752,0.9,0.0,0.0,0.0,0.0,0.09999993749343536,1.6008637844386656e-08,1.559909908600993e-08,1.1061057090758865e-08,1.1061057090758865e-08,9.363207340425636e-09,9.580325343997452e-09,9.580064287025405e-09,9.580064287025405e-09,8.542211431040112e-09,8.542211431040112e-09,7.734268636768016e-09,7.734268636768016e-09,7.02341503092285e-11,3.3930460806748675e-10,1.6361265029428849e-10,3.1456197083799195e-11,2.2049156193725316e-11,2.2049156193725316e-11
2.396789889053561e-10,0.11224537923427771,0.9,0.0,0.0,0.0,0.0,0.09999993557324027,1.6500421510493123e-08,1.6073907209301533e-08,1.1400851597948782e-08,1.1400851597948782e-08,9.646837257223004e-09,9.874631928103631e-09,9.874362851488909e-09,9.874362851488909e-09,8.804627265233659e-09,8.804627265233659e-09,7.97186455353657e-09,7.97186455353657e-09,7.237207949883035e-11,3.541422216927551e-10,1.7115623839133102e-10,3.2832582739401656e-11,2.380584974989534e-11,2.380584974989534e-11
2.4682245785350155e-10,0.11224537945001638,0.9,0.0,0.0,0.0,0.0,0.09999993365304524,1.699220516715613e-08,1.6548637091289566e-08,1.1740646098613852e-08,1.1740646098613852e-08,9.930325478572493e-09,1.0168938506558459e-08,1.0168661410301219e-08,1.0168661410301219e-08,9.067043094388309e-09,9.067043094388309e-09,8.209460465742757e-09,8.209460465742757e-09,7.450965508318455e-11,3.6905842078336993e-10,1.7875897167474158e-10,3.421608950645136e-11,2.563796680476982e-11,2.563796680476982e-11
2.53965926801647e-10,0.11224537966576352,0.9,0.0,0.0,0.0,0.0,0.09999993173285025,1.7483988814375667e-08,1.7023295031350576e-08,1.2080440592754073e-08,1.2080440592754073e-08,1.0213676172615715e-08,1.0463245079361931e-08,1.046295996346232e-08,1.046295996346232e-08,9.329458918504058e-09,9.329458918504058e-09,8.447056373386575e-09,8.447056373386575e-09,7.664690809408638e-11,3.84046874930996e-10,1.8641691606714697e-10,3.560611271209217e-11,2.7545877966974604e-11,2.7545877966974604e-11
2.611093957497924e-10,0.11224537988151924,0.9,0.0,0.0,0.0,0.0,0.09999992981265528,1.797577245215172e-08,1.749788688815942e-08,1.2420235080369448e-08,1.2420235080369448e-08,1.0496893261858552e-08,1.0757551646514045e-08,1.0757258510972213e-08,1.0757258510972213e-08,9.591874737580907e-09,9.591874737580907e-09,8.68465227646802e-09,8.68465227646802e-09,7.878386631545483e-11,3.9910169767684497e-10,1.9412636849279975e-10,3.700208991607468e-11,2.9529926246616115e-11,2.9529926246616115e-11
2.6825286469793786e-10,0.11224538009728352,0.9,0.0,0.0,0.0,0.0,0.09999992789246036,1.8467556080484304e-08,1.7972417865443153e-08,1.276002956145996e-08,1.276002956145996e-08,1.0779980349813238e-08,1.1051858208014796e-08,1.1051557052830899e-08,1.1051557052830899e-08,9.854290551618861e-09,9.854290551618861e-09,8.922248174987089e-09,8.922248174987089e-09,8.092054563732766e-11,4.142176694038154e-10,2.0188392345652887e-10,3.840352102149393e-11,3.159041372353116e-11,3.159041372353116e-11
2.753963336460833e-10,0.11224538031305638,0.9,0.0,0.0,0.0,0.0,0.09999992597226548,1.8959339699373383e-08,1.8446892860368437e-08,1.3099824036025621e-08,1.3099824036025621e-08,1.1062940850688813e-08,1.1346164763864184e-08,1.1345855589038366e-08,1.1345855589038366e-08,1.0116706360617916e-08,1.0116706360617916e-08,9.159844068943784e-09,9.159844068943784e-09,8.305697206755149e-11,4.293898669373919e-10,2.0968635472164592e-10,3.980993463847014e-11,3.3727623815251854e-11,3.3727623815251854e-11
2.8253980259422873e-10,0.11224538052883788,0.9,0.0,0.0,0.0,0.0,0.09999992405207062,1.9451123308818974e-08,1.892131651107104e-08,1.3439618504066412e-08,1.3439618504066412e-08,1.1345778007199636e-08,1.1640471314062201e-08,1.164015411959462e-08,1.164015411959462e-08,1.0379122164578069e-08,1.0379122164578069e-08,9.397439958338105e-09,9.397439958338105e-09,8.519317157786847e-11,4.4461362617006005e-10,2.1753059871531673e-10,4.122088454511498e-11,3.594182360213348e-11,3.594182360213348e-11
2.8968327154237417e-10,0.11224538074462809,0.9,0.0,0.0,0.0,0.0,0.0999999221318758,1.994290690882106e-08,1.939569298417654e-08,1.3779412965582341e-08,1.3779412965582341e-08,1.1628494816605944e-08,1.1934777858608856e-08,1.1934452644499657e-08,1.1934452644499657e-08,1.0641537963499326e-08,1.0641537963499326e-08,9.635035843170046e-09,9.635035843170046e-09,8.73291587289477e-11,4.5988476591556346e-10,2.2541382167508312e-10,4.26359698959175e-11,3.823325043190788e-11,3.823325043190788e-11
2.968267404905196e-10,0.11224538096042698,0.9,0.0,0.0,0.0,0.0,0.09999992021168104,2.043469049937963e-08,1.987002613219303e-08,1.4119207420573402e-08,1.4119207420573402e-08,1.1911094089986254e-08,1.2229084397504133e-08,1.2228751163753468e-08,1.2228751163753468e-08,1.0903953757381684e-08,1.0903953757381684e-08,9.872631723439607e-09,9.872631723439607e-09,8.946494475541089e-11,4.751994224311785e-10,2.333333654750075e-10,4.405482015087817e-11,4.060212189199214e-11,4.060212189199214e-11
3.0397020943866504e-10,0.11224538117623453,0.9,0.0,0.0,0.0,0.0,0.09999991829148629,2.0926474080494676e-08,2.0344319401169487e-08,1.4459001869039585e-08,1.4459001869039585e-08,1.219357842883513e-08,1.2523390930748043e-08,1.2523049677356061e-08,1.2523049677356061e-08,1.1166369546225141e-08,1.1166369546225141e-08,1.0110227599146787e-08,1.0110227599146787e-08,9.160055320329062e-11,4.905541261218902e-10,2.412867687150949e-10,4.5477101958773385e-11,4.304863123904487e-11,4.304863123904487e-11
3.111136783868105e-10,0.11224538139205084,0.9,0.0,0.0,0.0,0.0,0.09999991637129159,2.1418257652166198e-08,2.081857601682825e-08,1.4798796310980894e-08,1.4798796310980894e-08,1.2475950288080586e-08,1.2817697458340571e-08,1.2817348185307426e-08,1.2817348185307426e-08,1.1428785330029702e-08,1.1428785330029702e-08,1.034782347029158e-08,1.034782347029158e-08,9.373600561009769e-11,5.059456297278396e-10,2.492717090184746e-10,4.690250346387511e-11,4.557295777763249e-11,4.557295777763249e-11
3.182571473349559e-10,0.1122453816078759,0.9,0.0,0.0,0.0,0.0,0.09999991445109693,2.1910041214394186e-08,2.1292798925488894e-08,1.5138590746397323e-08,1.5138590746397323e-08,1.2758211950583782e-08,1.3112003980281725e-08,1.311164668760756e-08,1.311164668760756e-08,1.1691201108795365e-08,1.1691201108795365e-08,1.0585419336873991e-08,1.0585419336873991e-08,9.587130049466026e-11,5.213709884106203e-10,2.572860261012758e-10,4.8330741527338094e-11,4.8175262069325045e-11,4.8175262069325045e-11
3.2540061628310135e-10,0.11224538182370972,0.9,0.0,0.0,0.0,0.0,0.09999991253090229,2.2401824767178633e-08,2.176699088453046e-08,1.5478385175288868e-08,1.5478385175288868e-08,1.3040365573024956e-08,1.3406310496571494e-08,1.3405945184256468e-08,1.3405945184256468e-08,1.195361688252213e-08,1.195361688252213e-08,1.0823015198894013e-08,1.0823015198894013e-08,9.800644332957505e-11,5.368274393185871e-10,2.653276796361591e-10,4.976155067416872e-11,5.0855693236205884e-11,5.0855693236205884e-11
3.325440852312468e-10,0.11224538203955234,0.9,0.0,0.0,0.0,0.0,0.0999999106107077,2.2893608310519533e-08,2.2241154357020083e-08,1.5818179597655526e-08,1.5818179597655526e-08,1.3322413158948341e-08,1.3700617007209882e-08,1.3700243675254136e-08,1.3700243675254136e-08,1.2216032651209996e-08,1.2216032651209996e-08,1.1060611056351647e-08,1.1060611056351647e-08,1.0014147034461365e-10,5.523124831548285e-10,2.7339477371779307e-10,5.1194690479351765e-11,5.361438406439173e-11,5.361438406439173e-11
3.396875541793922e-10,0.11224538225540374,0.9,0.0,0.0,0.0,0.0,0.09999990869051316,2.3385391844416872e-08,2.2715291664500777e-08,1.6157974013497294e-08,1.6157974013497294e-08,1.360435659797858e-08,1.3994923512196878e-08,1.3994542160600569e-08,1.3994542160600569e-08,1.2478448414858965e-08,1.2478448414858965e-08,1.1298206909246893e-08,1.1298206909246893e-08,1.0227639594202058e-10,5.678237839740674e-10,2.8148552077988726e-10,5.262993634226686e-11,5.6451457096144544e-11,5.6451457096144544e-11
3.4683102312753766e-10,0.11224538247126394,0.9,0.0,0.0,0.0,0.0,0.09999990677031863,2.387717536887065e-08,2.318940494625674e-08,1.649776842281417e-08,1.649776842281417e-08,1.3886197644186651e-08,1.428923001153249e-08,1.4288840640295761e-08,1.4288840640295761e-08,1.2740864173469038e-08,1.2740864173469038e-08,1.1535802757579744e-08,1.1535802757579744e-08,1.0441118917599767e-10,5.833592334379033e-10,2.8959826126041963e-10,5.406708532371235e-11,5.936702076170318e-11,5.936702076170318e-11
3.539744920756831e-10,0.11224538268713297,0.9,0.0,0.0,0.0,0.0,0.09999990485012415,2.436895888388086e-08,2.366349615830879e-08,1.683756282560614e-08,1.683756282560614e-08,1.4167937951724178e-08,1.4583536505216712e-08,1.4583139114339712e-08,1.4583139114339712e-08,1.3003279927040212e-08,1.3003279927040212e-08,1.1773398601350202e-08,1.1773398601350202e-08,1.0654586395607774e-10,5.98916861615982e-10,2.977314307658663e-10,5.550594791446968e-11,6.236117481219285e-11,6.236117481219285e-11
3.6111796102382854e-10,0.11224538290301081,0.9,0.0,0.0,0.0,0.0,0.09999990292992969,2.4860742389447492e-08,2.413756700996468e-08,1.7177357221873217e-08,1.7177357221873217e-08,1.444957905692635e-08,1.4877842993249533e-08,1.4877437582732418e-08,1.4877437582732418e-08,1.3265695675572488e-08,1.3265695675572488e-08,1.2010994440558264e-08,1.2010994440558264e-08,1.0868049032458612e-10,6.144948891582119e-10,3.058835763636104e-10,5.694635278915799e-11,6.543400717040949e-11,6.543400717040949e-11
3.6826142997197397e-10,0.1122453831188975,0.9,0.0,0.0,0.0,0.0,0.09999990100973528,2.535252588557054e-08,2.4611619183009482e-08,1.751715161161538e-08,1.751715161161538e-08,1.4731122409194166e-08,1.5172149475630963e-08,1.5171736045473877e-08,1.5171736045473877e-08,1.3528111419065866e-08,1.3528111419065866e-08,1.2248590275203929e-08,1.2248590275203929e-08,1.1081505048206389e-10,6.300916520789797e-10,3.140533280700736e-10,5.838813984343449e-11,6.858559852328322e-11,6.858559852328322e-11
3.754048989201194e-10,0.11224538333479306,0.9,0.0,0.0,0.0,0.0,0.09999989908954092,2.5844309372249992e-08,2.508565424740235e-08,1.785694599483264e-08,1.785694599483264e-08,1.501256934572411e-08,1.5466455952360992e-08,1.5466034502564085e-08,1.5466034502564085e-08,1.3790527157520349e-08,1.3790527157520349e-08,1.2486186105287194e-08,1.2486186105287194e-08,1.1294946645737608e-10,6.457056583902498e-10,3.222394223235646e-10,5.983116544725408e-11,7.181601886606248e-11,7.181601886606248e-11
3.8254836786826485e-10,0.11224538355069742,0.9,0.0,0.0,0.0,0.0,0.09999989716934657,2.633609284948584e-08,2.5559673512019297e-08,1.8196740371524986e-08,1.8196740371524986e-08,1.5293921128798473e-08,1.5760762423439617e-08,1.5760332954003038e-08,1.5760332954003038e-08,1.4052942890935932e-08,1.4052942890935932e-08,1.272378193080806e-08,1.272378193080806e-08,1.1508381952558684e-10,6.613355179409462e-10,3.30440666984289e-10,6.12752958194078e-11,7.512533183744332e-11,7.512533183744332e-11
3.896918368164103e-10,0.11224538376661067,0.9,0.0,0.0,0.0,0.0,0.09999989524915227,2.682787631727809e-08,2.6033678226140757e-08,1.8536534741692416e-08,1.8536534741692416e-08,1.557517895432027e-08,1.6055068888866845e-08,1.6054631399790742e-08,1.6054631399790742e-08,1.431535861931262e-08,1.431535861931262e-08,1.2961377751766522e-08,1.2961377751766522e-08,1.1721815729181544e-10,6.769799338455018e-10,3.386559331120824e-10,6.272040617141208e-11,7.851359526307607e-11,7.851359526307607e-11
3.968353057645557e-10,0.11224538398253275,0.9,0.0,0.0,0.0,0.0,0.09999989332895802,2.7319659775626726e-08,2.650766963585755e-08,1.887632910533493e-08,1.887632910533493e-08,1.5856343937106358e-08,1.6349375348642662e-08,1.6348929839927185e-08,1.6348929839927185e-08,1.4577774342650411e-08,1.4577774342650411e-08,1.319897356816258e-08,1.319897356816258e-08,1.1935241891434334e-10,6.926377208548157e-10,3.4688416903635554e-10,6.416638248821611e-11,8.198086001172796e-11,8.198086001172796e-11
4.0397877471270116e-10,0.11224538419846375,0.9,0.0,0.0,0.0,0.0,0.09999989140876378,2.781144322453174e-08,2.6981648839748014e-08,1.921612346245252e-08,1.921612346245252e-08,1.613741712005285e-08,1.664368180276707e-08,1.6643228274412366e-08,1.6643228274412366e-08,1.4840190060949305e-08,1.4840190060949305e-08,1.3436569379996233e-08,1.3436569379996233e-08,1.2148659297749583e-10,7.083077918062116e-10,3.551243916506063e-10,6.561312022098444e-11,8.55271708426275e-11,8.55271708426275e-11
4.111222436608466e-10,0.11224538441440358,0.9,0.0,0.0,0.0,0.0,0.0999998894885696,2.8303226663993122e-08,2.7455616776860216e-08,1.9555917813045184e-08,1.9555917813045184e-08,1.6418399477144138e-08,1.6937988251240062e-08,1.6937526703246282e-08,1.6937526703246282e-08,1.5102605774209302e-08,1.5102605774209302e-08,1.3674165187267479e-08,1.3674165187267479e-08,1.2362073562873337e-10,7.239891515041575e-10,3.633756836034485e-10,6.706052370411958e-11,8.915256678835652e-11,8.915256678835652e-11
4.217060771890596e-10,0.11224538473435851,0.9,0.0,0.0,0.0,0.0,0.09999988664359116,2.9031857805103396e-08,2.8157833570551314e-08,2.0059360437478402e-08,2.0059360437478402e-08,1.6834540666022788e-08,1.7374035556171576e-08,1.737356212620229e-08,1.737356212620229e-08,1.5491403454764623e-08,1.5491403454764623e-08,1.402618945299868e-08,1.402618945299868e-08,1.2678263132484212e-10,7.472416032272192e-10,3.7561939239103945e-10,6.92060467079277e-11,9.466945104981538e-11,9.466945104981538e-11
4.322899107172726e-10,0.11224538505433292,0.9,0.0,0.0,0.0,0.0,0.09999988379861281,2.9760488925483286e-08,2.8860030346015607e-08,2.0562803047588287e-08,2.0562803047588287e-08,1.7250487216219267e-08,1.781008284869728e-08,1.7809597536752824e-08,1.7809597536752824e-08,1.5880201124258723e-08,1.5880201124258723e-08,1.4378213708714622e-08,1.4378213708714622e-08,1.2994442939930692e-10,7.705141500683507e-10,3.8788294410731614e-10,7.135258113417911e-11,1.0036010723651e-10,1.0036010723651e-10
4.428737442454856e-10,0.1122453853743268,0.9,0.0,0.0,0.0,0.0,0.09999988095363452,3.048912002513276e-08,2.956220942856942e-08,2.1066245643374844e-08,2.1066245643374844e-08,1.7666241594393415e-08,1.824613012881716e-08,1.824563293489785e-08,1.824563293489785e-08,1.62689987826916e-08,1.62689987826916e-08,1.4730237954415302e-08,1.4730237954415302e-08,1.3310614395076718e-10,7.938044526125521e-10,4.0016402531500804e-10,7.3499902623437e-11,1.0622460648529886e-10,1.0622460648529886e-10
4.5345757777369857e-10,0.1122453856943402,0.9,0.0,0.0,0.0,0.0,0.09999987810865632,3.12177511040518e-08,3.0264372879303875e-08,2.156968822483804e-08,2.156968822483804e-08,1.808180604893311e-08,1.868217739653122e-08,1.8681668320637385e-08,1.8681668320637385e-08,1.6657796430063258e-08,1.6657796430063258e-08,1.508226219010071e-08,1.508226219010071e-08,1.3626778940435853e-10,8.171104353435507e-10,4.124605316722751e-10,7.564781237100693e-11,1.1226300355482458e-10,1.1226300355482458e-10
4.6404141130191157e-10,0.11224538601437316,0.9,0.0,0.0,0.0,0.0,0.0999998752636782,3.194638216224039e-08,3.096652253395697e-08,2.2073130791977887e-08,2.2073130791977887e-08,1.8497182631394855e-08,1.9118224651839447e-08,1.9117703693971405e-08,1.9117703693971405e-08,1.7046594066373687e-08,1.7046594066373687e-08,1.5434286415770843e-08,1.5434286415770843e-08,1.394293734652775e-10,8.404302548181213e-10,4.2477054757303615e-10,7.779613405034845e-11,1.1847533882120366e-10,1.1847533882120366e-10
4.746252448301246e-10,0.1122453863344256,0.9,0.0,0.0,0.0,0.0,0.09999987241870018,3.2675013199698493e-08,3.1668660016010406e-08,2.257657334479436e-08,2.257657334479436e-08,1.8912373208815767e-08,1.9554271894741834e-08,1.9553739054899905e-08,1.9553739054899905e-08,1.7435391691622898e-08,1.7435391691622898e-08,1.5786310631425696e-08,1.5786310631425696e-08,1.425909025939662e-10,8.637622810941083e-10,4.3709233446564804e-10,7.994471201357538e-11,1.2486163944683908e-10,1.2486163944683908e-10
4.957929118865506e-10,0.11224538697458908,0.9,0.0,0.0,0.0,0.0,0.09999986672874434,3.413227521242318e-08,3.307290401299531e-08,2.3583458407457133e-08,2.3583458407457133e-08,1.9742202979916747e-08,2.0426366343329044e-08,2.042580973954032e-08,2.042580973954032e-08,1.8212986908937657e-08,1.8212986908937657e-08,1.649035903268954e-08,1.649035903268954e-08,1.489138210869389e-10,9.104573783409151e-10,4.6176507067322504e-10,8.424210563251627e-11,1.3815618710654884e-10,1.3815618710654884e-10
5.169605789429765e-10,0.11224538761483059,0.9,0.0,0.0,0.0,0.0,0.09999986103878884,3.558953714222565e-08,3.4477114389430685e-08,2.4590343412826283e-08,2.4590343412826283e-08,2.057130716225751e-08,2.1298460742292798e-08,2.129788037455855e-08,2.129788037455855e-08,1.8990582082007543e-08,1.8990582082007543e-08,1.7194407393892193e-08,1.7194407393892193e-08,1.5523658824734987e-10,9.57186164547611e-10,4.864678459290034e-10,8.853908476539829e-11,1.521466493408751e-10,1.521466493408751e-10
5.381282459994025e-10,0.1122453882551502,0.9,0.0,0.0,0.0,0.0,0.09999985534883366,3.704679898910573e-08,3.5881298555079713e-08,2.5597228360901714e-08,2.5597228360901714e-08,2.1399695531035724e-08,2.2170555091633014e-08,2.216995095995453e-08,2.216995095995453e-08,1.9768177210832548e-08,1.9768177210832548e-08,1.7898455715033618e-08,1.7898455715033618e-08,1.6155923735960597e-10,1.0039411966664124e-09,5.111917156291888e-10,9.283494609245779e-11,1.6683289887564126e-10,1.6683289887564126e-10
5.592959130558285e-10,0.11224538889554786,0.9,0.0,0.0,0.0,0.0,0.09999984965887881,3.8504060753063256e-08,3.7285462297931796e-08,2.6604113251683334e-08,2.6604113251683334e-08,2.222737621741215e-08,2.3042649391349647e-08,2.3042021495728195e-08,2.3042021495728195e-08,2.0545772295412677e-08,2.0545772295412677e-08,1.860250399611376e-08,1.860250399611376e-08,1.6788179449472037e-10,1.0507166606367137e-09,5.359293211024291e-10,9.712914376019451e-11,1.8221470907486546e-10,1.8221470907486546e-10
5.804635801122545e-10,0.11224538953602346,0.9,0.0,0.0,0.0,0.0,0.09999984396892428,3.996132243409799e-08,3.868961013243718e-08,2.7610998085171043e-08,2.7610998085171043e-08,2.3054355997827748e-08,2.3914743641442623e-08,2.3914091981879475e-08,2.3914091981879475e-08,2.1323367335747935e-08,2.1323367335747935e-08,1.9306552237132583e-08,1.9306552237132583e-08,1.7420427998816823e-10,1.097508021672611e-09,5.606746124789511e-10,1.0142125532336574e-10,1.9829177581255329e-10,1.9829177581255329e-10
6.016312471686805e-10,0.11224539017657707,0.9,0.0,0.0,0.0,0.0,0.09999983827897006,4.1418584032209786e-08,4.009374556480702e-08,2.861788286136476e-08,2.861788286136476e-08,2.3880640525279632e-08,2.478683784191188e-08,2.47861624184083e-08,2.47861624184083e-08,2.2100962331838318e-08,2.2100962331838318e-08,2.0010600438090034e-08,2.0010600438090034e-08,1.805267096288654e-10,1.1443117577738733e-09,5.854226267495218e-10,1.0571095578108346e-10,2.1506373410163413e-10,2.1506373410163413e-10
6.227989142251065e-10,0.11224539081720859,0.9,0.0,0.0,0.0,0.0,0.0999998325890162,4.2875845547398423e-08,4.149787131626524e-08,2.9624767580264385e-08,2.9624767580264385e-08,2.4706234529926055e-08,2.5658931992757342e-08,2.5658232805314598e-08,2.5658232805314598e-08,2.2878557283683828e-08,2.2878557283683828e-08,2.071464859898608e-08,2.071464859898608e-08,1.8684909567189943e-10,1.191125135461263e-09,6.101692950356397e-10,1.0999799574745968e-10,2.3253017204818073e-10,2.3253017204818073e-10
6.439665812815325e-10,0.11224539145791798,0.9,0.0,0.0,0.0,0.0,0.09999982689906263,4.433310697966374e-08,4.290198950657831e-08,3.063165224186983e-08,3.063165224186983e-08,2.5531141991182884e-08,2.653102609397896e-08,2.6530303142598305e-08,2.6530303142598305e-08,2.3656152191284483e-08,2.3656152191284483e-08,2.1418696719820663e-08,2.1418696719820663e-08,1.9317144766358177e-10,1.2379460254218408e-09,6.349112769943785e-10,1.1428218351860298e-10,2.5069064228309293e-10,2.5069064228309293e-10
6.651342483379585e-10,0.11224539209870518,0.9,0.0,0.0,0.0,0.0,0.09999982120910939,4.579036832900552e-08,4.430610179147502e-08,3.1638536846181e-08,3.1638536846181e-08,2.6355366275902795e-08,2.7403120145576667e-08,2.7402373430259355e-08,2.7402373430259355e-08,2.4433747054640273e-08,2.4433747054640273e-08,2.212274480059375e-08,2.212274480059375e-08,1.994937730604368e-10,1.2847727644700497e-09,6.596458275458488e-10,1.1856337164884442e-10,2.6954467047917343e-10,2.6954467047917343e-10
6.863019153943845e-10,0.11224539273957011,0.9,0.0,0.0,0.0,0.0,0.09999981551915649,4.724762959542361e-08,4.571020946198699e-08,3.2645421393197813e-08,3.2645421393197813e-08,2.7178910246326213e-08,2.8275214147550395e-08,2.827444366829767e-08,2.827444366829767e-08,2.5211341873751198e-08,2.5211341873751198e-08,2.2826792841305297e-08,2.2826792841305297e-08,2.0581607767659297e-10,1.3316040557600078e-09,6.843706924993729e-10,1.2284144725987505e-10,2.8909176146492545e-10,2.8909176146492545e-10
7.074695824508105e-10,0.11224539338051277,0.9,0.0,0.0,0.0,0.0,0.0999998098292039,4.87048907789178e-08,4.711431352155733e-08,3.365230588292016e-08,3.365230588292016e-08,2.8001776347943588e-08,2.9147308099900083e-08,2.9146513856713187e-08,2.9146513856713187e-08,2.5988936648617267e-08,2.5988936648617267e-08,2.353084084195525e-08,2.353084084195525e-08,2.1213836603102951e-10,1.3784388913294243e-09,7.090840234770866e-10,1.2711632454328754e-10,3.09331403936113e-10,3.09331403936113e-10
7.286372495072364e-10,0.11224539402153307,0.9,0.0,0.0,0.0,0.0,0.09999980413925162,5.01621518794879e-08,4.851841475004623e-08,3.465919031534796e-08,3.465919031534796e-08,2.882396668411674e-08,3.0019402002625665e-08,3.001858399550584e-08,3.001858399550584e-08,2.676653137923848e-08,2.676653137923848e-08,2.4234888802543573e-08,2.4234888802543573e-08,2.1846064163582607e-10,1.425276487805844e-09,7.337843056047598e-10,1.3138793856095774e-10,3.3026307434319657e-10,3.3026307434319657e-10
7.709725836200884e-10,0.11224539530380634,0.9,0.0,0.0,0.0,0.0,0.09999979275934807,5.307667383185511e-08,5.1326610984498614e-08,3.6672959008319535e-08,3.6672959008319535e-08,3.046632709966541e-08,3.1763589659204255e-08,3.176272412422224e-08,3.176272412422224e-08,2.8321720707746347e-08,2.8321720707746347e-08,2.5642984603535133e-08,2.5642984603535133e-08,2.3110516482262152e-10,1.5189576825338553e-09,7.831410043745829e-10,1.3992119547790408e-10,3.7420035968635515e-10,3.7420035968635515e-10
8.133079177329404e-10,0.11224539658638945,0.9,0.0,0.0,0.0,0.0,0.0999997813794458,5.5991195452523713e-08,5.413480159638138e-08,3.86867274721118e-08,3.86867274721118e-08,3.210600357153666e-08,3.350777711728566e-08,3.350686405444636e-08,3.350686405444636e-08,2.987690985927483e-08,2.987690985927483e-08,2.705108024427963e-08,2.705108024427963e-08,2.4374966268856456e-10,1.6126441934537594e-09,8.324333061023886e-10,1.4844095573203131e-10,4.2089928391456836e-10,4.2089928391456836e-10
8.556432518457924e-10,0.11224539786928188,0.9,0.0,0.0,0.0,0.0,0.09999976999954482,5.890571674149222e-08,5.694298870347176e-08,4.070049570672401e-08,4.070049570672401e-08,3.3743005685143714e-08,3.525196437686936e-08,3.5251003786177634e-08,3.5251003786177634e-08,3.143209883382392e-08,3.143209883382392e-08,2.84591757247767e-08,2.84591757247767e-08,2.5639414477100863e-10,1.7063338932494372e-09,8.816561657714403e-10,1.569470739141069e-10,4.703554520400894e-10,4.703554520400894e-10
8.979785859586444e-10,0.11224539915248317,0.9,0.0,0.0,0.0,0.0,0.09999975861964516,6.182023769875912e-08,5.975117358722423e-08,4.271426371215544e-08,4.271426371215544e-08,3.537734131015778e-08,3.699615143795487e-08,3.6995143319415486e-08,3.6995143319415486e-08,3.298728763139367e-08,3.298728763139367e-08,2.986727104502599e-08,2.986727104502599e-08,2.690386168409501e-10,1.8000254946939328e-09,9.308062162675618e-10,1.6543947703298029e-10,5.225644344965414e-10,5.225644344965414e-10
9.403139200714964e-10,0.11224540043599279,0.9,0.0,0.0,0.0,0.0,0.09999974723974678,6.47347583243229e-08,6.255935699431111e-08,4.472803148840534e-08,4.472803148840534e-08,3.7009017128654166e-08,3.8740338300541666e-08,3.8739282654159394e-08,3.8739282654159394e-08,3.4542476251984095e-08,3.4542476251984095e-08,3.1275366205027155e-08,3.1275366205027155e-08,2.8168308226100776e-10,1.8937182477507832e-09,9.798812513506357e-10,1.7391813698435914e-10,5.775217835524977e-10,5.775217835524977e-10
9.826492541843484e-10,0.11224540171981028,0.9,0.0,0.0,0.0,0.0,0.09999973585984968,6.764927861818206e-08,6.536753936253258e-08,4.6741799035472974e-08,4.6741799035472974e-08,3.863803902934206e-08,4.048452496462925e-08,4.04834217904088e-08,4.04834217904088e-08,3.6097664695595204e-08,3.6097664695595204e-08,3.268346120477984e-08,3.268346120477984e-08,2.9432754300280336e-10,1.987411712646683e-09,1.0288798396996559e-09,1.8238305008434327e-10,6.352230455031847e-10,6.352230455031847e-10
9.999999999999999e-10,0.11224540300393511,0.9,0.0,0.0,0.0,0.0,0.09999973119590433,6.884376775582414e-08,6.651844674486532e-08,4.7567123005864414e-08,4.7567123005864414e-08,3.9304913142949624e-08,4.1199363707962046e-08,4.1198241054897274e-08,4.1198241054897274e-08,3.673504426945165e-08,3.673504426945165e-08,3.3260555893577755e-08,3.3260555893577755e-08,2.995097574407729e-10,2.02581125351806e-09,1.0489391462740502e-09,1.8584834673877692e-10,6.596630719995785e-10,6.596630719995785e-10
1.0249845882972004e-09,0.11224540300393511,0.9,0.0,0.0,0.0,0.0,0.09999972447995391,7.056379858033513e-08,6.817572096713688e-08,4.875556635335761e-08,4.875556635335761e-08,4.026441238662428e-08,4.2228711430217124e-08,4.222756072816315e-08,4.222756072816315e-08,3.765285296222702e-08,3.765285296222702e-08,3.409155604428366e-08,3.409155604428366e-08,3.069720003059099e-10,2.0811056128923393e-09,1.0778010512313473e-09,1.9083422408261793e-10,6.956637682788646e-10,6.956637682788646e-10
1.0673199224100524e-09,0.1122454042883668,0.9,0.0,0.0,0.0,0.0,0.09999971310005941,7.347831821078054e-08,7.09839019869973e-08,5.07693334420585e-08,5.07693334420585e-08,4.18881422312371e-08,4.397289769730477e-08,4.397169946742189e-08,4.397169946742189e-08,3.920804105187956e-08,3.920804105187956e-08,3.5499650723538284e-08,3.5499650723538284e-08,3.196164549758784e-10,2.1747997688073776e-09,1.1266442889328907e-09,1.9927167277399552e-10,7.588395043607699e-10,7.588395043607699e-10
1.1096552565229044e-09,0.1122454055731048,0.9,0.0,0.0,0.0,0.0,0.0999997017201662,7.639283750951682e-08,7.379208253004082e-08,5.2783100301574906e-08,5.2783100301574906e-08,4.350923335009812e-08,4.5717083765891706e-08,4.5715838008184474e-08,4.5715838008184474e-08,4.076322896455286e-08,4.076322896455286e-08,3.690774524254335e-08,3.690774524254335e-08,3.3226090749875536e-10,2.268494071977258e-09,1.1754091899710591e-09,2.0769541438334025e-10,8.247458114391658e-10,8.247458114391658e-10
1.1519905906357563e-09,0.11224540685814867,0.9,0.0,0.0,0.0,0.0,0.09999969034027431,7.930735647654246e-08,7.66002626554911e-08,5.47968669319061e-08,5.47968669319061e-08,4.5127690356933e-08,4.746126963597741e-08,4.7459976350450355e-08,4.7459976350450355e-08,4.2318416700246924e-08,4.2318416700246924e-08,3.8315839601298514e-08,3.8315839601298514e-08,3.4490535814125285e-10,2.362188462910129e-09,1.224095555864204e-09,2.1610547005486723e-10,8.933782531253273e-10,8.933782531253273e-10
1.1943259247486083e-09,0.11224540814349791,0.9,0.0,0.0,0.0,0.0,0.0999996789603837,8.222187511185596e-08,7.940844239791915e-08,5.681063333305133e-08,5.681063333305133e-08,4.6743517749311e-08,4.920545530756141e-08,4.920411449421896e-08,4.920411449421896e-08,4.387360425896177e-08,4.387360425896177e-08,3.97239337998034e-08,3.97239337998034e-08,3.5754980705906035e-10,2.4558829068777757e-09,1.2727032963024673e-09,2.2450186198379145e-10,9.647323999641357e-10,9.647323999641357e-10
1.2789965929743123e-09,0.11224541071511046,0.9,0.0,0.0,0.0,0.0,0.09999965620060637,8.80509113873405e-08,8.502480080510894e-08,6.083816544778097e-08,6.083816544778097e-08,4.996730128969261e-08,5.2693826055222266e-08,5.269239018626221e-08,5.269239018626221e-08,4.698397884545391e-08,4.698397884545391e-08,4.2540121716060965e-08,4.2540121716060965e-08,3.828387000421558e-10,2.643271882189397e-09,1.3696828930016987e-09,2.412537449469183e-10,1.1155881275810348e-09,1.1155881275810348e-09
1.3636672612000162e-09,0.11224541328793844,0.9,0.0,0.0,0.0,0.0,0.09999963344083422,9.387994633595837e-08,9.064115789461895e-08,6.486569664575791e-08,6.486569664575791e-08,5.318061885594513e-08,5.6182196008870304e-08,5.61806650843098e-08,5.61806650843098e-08,5.0094352724029455e-08,5.0094352724029455e-08,4.535630899131316e-08,4.535630899131316e-08,4.081275870920777e-10,2.830660854247335e-09,1.4663482068140166e-09,2.579512389875854e-10,1.277277707123552e-09,1.277277707123552e-09
1.4483379294257202e-09,0.11224541586197796,0.9,0.0,0.0,0.0,0.0,0.09999961068106725,9.970897995769754e-08,9.625751370347092e-08,6.889322692697625e-08,6.889322692697625e-08,5.6383504724835333e-08,5.967056516850159e-08,5.966893918835734e-08,5.966893918835734e-08,5.320472589468857e-08,5.320472589468857e-08,4.8172495625557196e-08,4.8172495625557196e-08,4.334164683755526e-10,3.0180497858510937e-09,1.562699955235312e-09,2.745945225392285e-10,1.4497659658916932e-09,1.4497659658916932e-09
1.5330085976514242e-09,0.11224541843722508,0.9,0.0,0.0,0.0,0.0,0.09999958792130545,1.0553801225254599e-07,1.0187386821801908e-07,7.292075629143005e-08,7.292075629143005e-08,5.95759928415881e-08,6.31589335341122e-08,6.31572124984004e-08,6.31572124984004e-08,5.631509835743138e-08,5.631509835743138e-08,5.098868161879019e-08,5.098868161879019e-08,4.5870534383112716e-10,3.2054386906957927e-09,1.6587390722100421e-09,2.911837751306713e-10,1.6330178451833775e-09,1.6330178451833775e-09
1.6176792658771281e-09,0.11224542101367584,0.9,0.0,0.0,0.0,0.0,0.09999956516154883,1.1136704322049164e-07,1.0749022143685629e-07,7.694828473911345e-08,7.694828473911345e-08,6.27581170228374e-08,6.664730110569823e-08,6.664548501443459e-08,6.664548501443459e-08,5.942547011225809e-08,5.942547011225809e-08,5.3804866971009296e-08,5.3804866971009296e-08,4.839942134524641e-10,3.3928275701829052e-09,1.7544665076316977e-09,3.0771917372183844e-10,1.826998401507296e-09,1.826998401507296e-09
1.702349934102832e-09,0.11224542359132636,0.9,0.0,0.0,0.0,0.0,0.09999954240179741,1.1719607286152246e-07,1.13106573373442e-07,8.097581227002051e-08,8.097581227002051e-08,6.592991097655445e-08,7.013566788325583e-08,7.01337567364555e-08,7.01337567364555e-08,6.253584115916884e-08,6.253584115916884e-08,5.662105168221169e-08,5.662105168221169e-08,5.09283077300178e-10,3.5802164107803086e-09,1.8498832078118375e-09,3.242008928740125e-10,2.0316728060155187e-09,2.0316728060155187e-09
1.8716912705542402e-09,0.11224542875021111,0.9,0.0,0.0,0.0,0.0,0.0999994968823101,1.2885412816279143e-07,1.243392734082948e-07,8.903086458148199e-08,8.903086458148199e-08,7.224264229369316e-08,7.711239905627025e-08,7.711029779843982e-08,7.711029779843982e-08,6.875658112924309e-08,6.875658112924309e-08,6.225341918155495e-08,6.225341918155495e-08,5.598607877127274e-10,3.954993966783928e-09,2.039788364617793e-09,3.5700398993286374e-10,2.4729644080264175e-09,2.4729644080264175e-09
2.041032607005648e-09,0.11224543391384822,0.9,0.0,0.0,0.0,0.0,0.0999994513628435,1.4051217815625655e-07,1.355719683492157e-07,9.708591322576725e-08,9.708591322576725e-08,7.851445382424391e-08,8.40891270531248e-08,8.408683568431806e-08,8.408683568431806e-08,7.497731826765544e-08,7.497731826765544e-08,6.788578411679715e-08,6.788578411679715e-08,6.104384751887397e-10,4.3297713318520805e-09,2.228462500424954e-09,3.8959445194852983e-10,2.9566162765074015e-09,2.9566162765074015e-09
2.210373943457056e-09,0.11224543908220698,0.9,0.0,0.0,0.0,0.0,0.09999940584339762,1.5217022284182137e-07,1.4680465817889974e-07,1.0514095820282896e-07,1.0514095820282896e-07,8.474561074918328e-08,9.106585187378917e-08,9.106337039405503e-08,9.106337039405503e-08,8.119805257440721e-08,8.119805257440721e-08,7.351814648791559e-08,7.351814648791559e-08,6.610161396502823e-10,4.704548523271338e-09,2.4159136389305037e-09,4.2197365834140253e-10,3.4823538273339754e-09,3.4823538273339754e-09
2.379715279908464e-09,0.1122454442552567,0.9,0.0,0.0,0.0,0.0,0.09999936032397248,1.6382826221938969e-07,1.580373428849884e-07,1.1319599951261992e-07,1.1319599951261992e-07,9.093637655977387e-08,9.804257351823336e-08,9.803990192761542e-08,9.803990192761542e-08,8.741878404949963e-08,8.741878404949963e-08,7.915050629488749e-08,7.915050629488749e-08,7.115937810416996e-10,5.0793255533595435e-09,2.6021497228499513e-09,4.541429795670088e-10,4.049904256042514e-09,4.049904256042514e-09
2.549056616359872e-09,0.11224544943296696,0.9,0.0,0.0,0.0,0.0,0.09999931480456806,1.7548629628886497e-07,1.6927002247237273e-07,1.212510371550928e-07,1.212510371550928e-07,9.708701307684406e-08,1.0501929198642768e-07,1.0501643028496398e-07,1.0501643028496398e-07,9.363951269293404e-08,9.363951269293404e-08,8.478286353769006e-08,8.478286353769006e-08,7.621713993850177e-10,5.4541024171072125e-09,2.7871786068653835e-09,4.861037758729221e-10,4.658996526845304e-09,4.658996526845304e-09
2.8877392892626877e-09,0.11224545980224844,0.9,0.0,0.0,0.0,0.0,0.09999922376582138,1.988023485031513e-07,1.9173536630138133e-07,1.3736110143789529e-07,1.3736110143789529e-07,1.0926893699489384e-07,1.189727193939494e-07,1.1896947747088444e-07,1.1896947747088444e-07,1.060809614848339e-07,1.060809614848339e-07,9.604757033069624e-08,9.604757033069624e-08,8.633265669739818e-10,6.20365563479597e-09,3.153646009196285e-09,5.494051904298188e-10,6.000731199429431e-09,6.000731199429431e-09
3.2264219621655036e-09,0.112245470189812,0.9,0.0,0.0,0.0,0.0,0.09999913272715759,2.2211837948390953e-07,2.1420068968594894e-07,1.5347115105085827e-07,1.5347115105085827e-07,1.2129344320834686e-07,1.3292613409612283e-07,1.3292251195153434e-07,1.3292251195153434e-07,1.1852239895011712e-07,1.1852239895011712e-07,1.0731226686675203e-07,1.0731226686675203e-07,9.644816425073503e-10,6.953208155453179e-09,3.5153777944020875e-09,6.118886082348062e-10,7.50542448513905e-09,7.50542448513905e-09
3.5651046350683194e-09,0.11224548059542125,0.9,0.0,0.0,0.0,0.0,0.09999904168857672,2.454343892303687e-07,2.3666599261160263e-07,1.6958118599360363e-07,1.6958118599360363e-07,1.331625656973558e-07,1.468795360927213e-07,1.468755337266315e-07,1.468755337266315e-07,1.3096382508879397e-07,1.3096382508879397e-07,1.1857695314567533e-07,1.1857695314567533e-07,1.0656366259199452e-09,7.702759992846136e-09,3.8724351904798076e-09,6.735645995817768e-10,9.170970605303881e-09,9.170970605303881e-09
3.903787307971136e-09,0.11224549101884285,0.9,0.0,0.0,0.0,0.0,0.09999895065007874,2.6875037774175815e-07,2.59131275070493e-07,1.8569120626575312e-07,1.8569120626575312e-07,1.4487831218074942e-07,1.6083292538352285e-07,1.6082854279589378e-07,1.6082854279589378e-07,1.434052399008748e-07,1.434052399008748e-07,1.298416291672841e-07,1.298416291672841e-07,1.1667915171764175e-09,8.452311154088741e-09,4.224878613808239e-09,7.344435978679883e-10,1.0995290991097095e-08,1.0995290991097095e-08
4.2424699808739515e-09,0.1122455014598465,0.9,0.0,0.0,0.0,0.0,0.09999885961166367,2.920663450173067e-07,2.815965370671902e-07,2.0180121186692858e-07,2.0180121186692858e-07,1.5644266447522788e-07,1.7478630196830998e-07,1.7478153915903912e-07,1.7478153915903912e-07,1.5584664338636993e-07,1.5584664338636993e-07,1.4110629493139619e-07,1.4110629493139619e-07,1.2679463162973494e-09,9.201861633819125e-09,4.572767668704592e-09,7.94535900869492e-10,1.297633392350793e-08,1.297633392350793e-08
4.581152653776767e-09,0.11224551191820493,0.9,0.0,0.0,0.0,0.0,0.09999876857333151,3.1538229105624374e-07,3.040617786040868e-07,2.1791120279675187e-07,2.1791120279675187e-07,1.6785757879078453e-07,1.8873966584686996e-07,1.887345228157853e-07,1.887345228157853e-07,1.6828803554528966e-07,1.6828803554528966e-07,1.5237095043782954e-07,1.5237095043782954e-07,1.3691010232935161e-09,9.951411428863385e-09,4.916161194254188e-09,8.538516734691369e-10,1.5112074188362026e-08,1.5112074188362026e-08
4.919835326679583e-09,0.1122455223936937,0.9,0.0,0.0,0.0,0.0,0.09999867753508225,3.3869821585779833e-07,3.265269996789654e-07,2.3402117905484482e-07,2.3402117905484482e-07,1.7912498602077916e-07,2.0269301701899448e-07,2.0268749376585022e-07,2.0268749376585022e-07,1.807294163776443e-07,1.807294163776443e-07,1.6363559568640208e-07,1.6363559568640208e-07,1.4702556381549328e-09,1.070096054067803e-08,5.2551172809020895e-09,9.124009493664147e-10,1.740051276794667e-08,1.740051276794667e-08
5.258517999582399e-09,0.11224553288609139,0.9,0.0,0.0,0.0,0.0,0.0999985864969159,3.6201411942119964e-07,3.489922002895375e-07,2.501311406408292e-07,2.501311406408292e-07,1.9024679213303455e-07,2.1664635548447935e-07,2.166404520089518e-07,2.166404520089518e-07,1.9317078588344413e-07,1.9317078588344413e-07,1.7490023067693163e-07,1.7490023067693163e-07,1.5714101608712926e-09,1.1450508970790722e-08,5.589693270729802e-09,9.701936327377306e-10,1.983967644797721e-08,1.983967644797721e-08
5.597200672485215e-09,0.1122455433951793,0.9,0.0,0.0,0.0,0.0,0.09999849545883245,3.8533000174567664e-07,3.7145738043617394e-07,2.6624108755432695e-07,2.6624108755432695e-07,2.012248784925462e-07,2.3059968124312516e-07,2.3059339754480782e-07,2.3059339754480782e-07,2.0561214406269954e-07,2.0561214406269954e-07,1.8616485540923624e-07,1.8616485540923624e-07,1.6725645914442673e-09,1.2200056718058395e-08,5.91994575826368e-09,1.0272394996994004e-09,2.2427617492615788e-08,2.2427617492615788e-08
5.935883345388031e-09,0.11224555392074173,0.9,0.0,0.0,0.0,0.0,0.09999840442083191,4.0864586283045865e-07,3.93922540118714e-07,2.823510197949599e-07,2.823510197949599e-07,2.1206110215556118e-07,2.4455299429473624e-07,2.4454633037313626e-07,2.4454633037313626e-07,2.1805349091542083e-07,2.1805349091542083e-07,1.9742946988313372e-07,1.9742946988313372e-07,1.7737189298731346e-09,1.2949603781871456e-08,6.245930606548212e-09,1.0835482001120268e-09,2.5162413332514738e-08,2.5162413332514738e-08
6.613248691193662e-09,0.11224557502044068,0.9,0.0,0.0,0.0,0.0,0.0999982223450796,4.5527752127785433e-07,4.388527980871625e-07,3.145708402561184e-07,3.145708402561184e-07,2.3331526988831137e-07,2.724595822760936e-07,2.7245215790608154e-07,2.7245215790608154e-07,2.429361506413022e-07,2.429361506413022e-07,2.1995866805497909e-07,2.1995866805497909e-07,1.9760273302789854e-09,1.444869586041282e-08,6.885317249319402e-09,1.1939920788568878e-09,3.1065003059605866e-08,3.1065003059605866e-08
7.290614036999294e-09,0.11224559618351691,0.9,0.0,0.0,0.0,0.0,0.09999804026965894,5.019090947572198e-07,4.837829741853196e-07,3.4679060202127965e-07,3.4679060202127965e-07,2.5402367724022976e-07,3.003661194270697e-07,3.003579346055308e-07,3.003579346055308e-07,2.6781876506117075e-07,2.6781876506117075e-07,2.42487825191011e-07,2.42487825191011e-07,2.1783353620457837e-09,1.5947785209854255e-08,7.508285857883929e-09,1.3016000025874759e-09,3.7532556326368445e-08,3.7532556326368445e-08
7.967979382804926e-09,0.11224561740834213,0.9,0.0,0.0,0.0,0.0,0.09999785819456997,5.48540583262388e-07,5.287130684096431e-07,3.7901030508741814e-07,3.7901030508741814e-07,2.7420033684891305e-07,3.282726057462461e-07,3.28263660469227e-07,3.28263660469227e-07,2.9270133417510923e-07,2.9270133417510923e-07,2.650169412897729e-07,2.650169412897729e-07,2.3806430251575823e-09,1.7446871827587313e-08,8.115257969339394e-09,1.4064447855304774e-09,4.455056614246311e-08,4.455056614246311e-08
8.645344728610557e-09,0.11224563869332974,0.9,0.0,0.0,0.0,0.0,0.09999767611981271,5.951719867871927e-07,5.736430807555975e-07,4.1122994945150894e-07,4.1122994945150894e-07,2.938589016251536e-07,3.561790412322651e-07,3.5616933549491316e-07,3.5616933549491316e-07,3.175838579831998e-07,3.175838579831998e-07,2.87546016349808e-07,2.87546016349808e-07,2.5829503195939588e-09,1.8945955712000866e-08,8.706644296324051e-09,1.5085973728024302e-09,5.210489793798494e-08,5.210489793798494e-08
9.322710074416189e-09,0.11224566003693401,0.9,0.0,0.0,0.0,0.0,0.09999749404538714,6.418033053254668e-07,6.185730112155539e-07,4.434495351105266e-07,4.434495351105266e-07,3.130126739526409e-07,3.8408542588382797e-07,3.840749596803323e-07,3.840749596803323e-07,3.424663364855253e-07,3.424663364855253e-07,3.1007505036965997e-07,3.1007505036965997e-07,2.785257245320561e-09,2.044503686459207e-08,9.282845016092206e-09,1.6081268883087123e-09,6.01817800267862e-08,6.01817800267862e-08
9.999999999999999e-09,0.11224568143764875,0.9,0.0,0.0,0.0,0.0,0.09999731199156608,6.884293467914747e-07,6.634978571417277e-07,4.7566547463012715e-07,4.7566547463012715e-07,3.3167256367209215e-07,4.119886525139133e-07,4.1197742592212257e-07,4.1197742592212257e-07,3.6734599918773046e-07,3.6734599918773046e-07,3.32601534893445e-07,3.32601534893445e-07,2.9875412768119e-09,2.1943948372935006e-08,9.844188330523968e-09,1.7050900233295292e-09,6.876681048796766e-08,6.876681048796766e-08
1.000007542022182e-08,0.11224568143764875,0.9,0.0,0.0,0.0,0.0,0.09999731197129333,6.884345388710441e-07,6.63502859783328e-07,4.756690620614461e-07,4.756690620614461e-07,3.31674614651277e-07,4.119917596996925e-07,4.119805330232276e-07,4.119805330232276e-07,3.673487696821682e-07,3.673487696821682e-07,3.326040433478719e-07,3.326040433478719e-07,2.987563802309543e-09,2.1944115285406436e-08,9.844250029894993e-09,1.7051006809151856e-09,6.876779433760533e-08,6.876779433760533e-08
1.0677440766027453e-08,0.11224570289400661,0.9,0.0,0.0,0.0,0.0,0.09999712989753123,7.350656874177578e-07,7.084326264537743e-07,5.078885303012421e-07,5.078885303012421e-07,3.4985735174562506e-07,4.3989804267867134e-07,4.3988605552134204e-07,4.3988605552134204e-07,3.92231157573211e-07,3.92231157573211e-07,3.551329952829872e-07,3.551329952829872e-07,3.189869990537737e-09,2.3443190973445793e-08,1.0391239222840052e-08,1.7995843701096948e-09,7.784986734009656e-08,7.784986734009656e-08
1.1354806111833084e-08,0.11224572440457771,0.9,0.0,0.0,0.0,0.0,0.09999694782410089,7.816967509594417e-07,7.533623112207851e-07,5.401079398268896e-07,5.401079398268896e-07,3.675731890263176e-07,4.678042748196299e-07,4.6779152717241876e-07,4.6779152717241876e-07,4.1711350015873625e-07,4.1711350015873625e-07,3.776619061735493e-07,3.776619061735493e-07,3.3921758099776416e-09,2.4942263928678817e-08,1.0924182727658317e-08,1.891641890649404e-09,8.741526117500448e-08,8.741526117500448e-08
1.2032171457638716e-08,0.11224574596796905,0.9,0.0,0.0,0.0,0.0,0.09999676575100233,8.283277294899292e-07,7.982919140781051e-07,5.723272906353633e-07,5.723272906353633e-07,3.8483411438738896e-07,4.957104561214845e-07,4.95696947974201e-07,4.95696947974201e-07,4.419957974388265e-07,4.419957974388265e-07,4.0019077601810167e-07,4.0019077601810167e-07,3.5944812606010886e-09,2.6441334151222783e-08,1.1443441175877946e-08,1.98133553578015e-09,9.745156502243734e-08,9.745156502243734e-08
1.2709536803444348e-08,0.1122457675828233,0.9,0.0,0.0,0.0,0.0,0.09999658367823554,8.749586230030535e-07,8.432214350199755e-07,6.045465827236383e-07,6.045465827236383e-07,4.01651807934303e-07,5.236165865832005e-07,5.236023179244316e-07,5.236023179244316e-07,4.6687804941356444e-07,4.6687804941356444e-07,4.227196048151878e-07,4.227196048151878e-07,3.796786342382152e-09,2.7940401640695777e-08,1.1949365938579958e-08,2.0687259993313148e-09,1.07946686710986e-07,1.07946686710986e-07
1.338690214924998e-08,0.11224578924781808,0.9,0.0,0.0,0.0,0.0,0.09999640160580056,9.215894314926487e-07,8.881508740405414e-07,6.367658160886895e-07,6.367658160886895e-07,4.18037649877112e-07,5.515226662037906e-07,5.515076370208543e-07,5.515076370208543e-07,4.917602560830324e-07,4.917602560830324e-07,4.4524839256335096e-07,4.4524839256335096e-07,3.9990910552944655e-09,2.943946639681296e-08,1.2442299364543033e-08,2.153872416795705e-09,1.1888884454533975e-07,1.1888884454533975e-07
1.4064267495055611e-08,0.11224581096166486,0.9,0.0,0.0,0.0,0.0,0.09999621953369738,9.682201549525484e-07,9.330802311337481e-07,6.689849907274918e-07,6.689849907274918e-07,4.340027282283789e-07,5.794286949823136e-07,5.794129052612115e-07,5.794129052612115e-07,5.166424174473132e-07,5.166424174473132e-07,4.677771392611346e-07,4.677771392611346e-07,4.201395399310768e-09,3.0938528419489684e-08,1.2922575013211593e-08,2.236832405324006e-09,1.3026655933539892e-07,1.3026655933539892e-07
1.5418998186666874e-08,0.11224585453092516,0.9,0.0,0.0,0.0,0.0,0.0999958553904865,1.0614813467585962e-06,1.022938699514402e-06,7.334231638142495e-07,7.334231638142495e-07,4.6471352957173223e-07,6.352406000096105e-07,6.352232891647039e-07,6.352232891647039e-07,5.66406604260643e-07,5.66406604260643e-07,5.128345094997377e-07,5.128345094997377e-07,4.606002980548702e-09,3.3936644263645285e-08,1.3846444599384159e-08,2.396416202804021e-09,1.5428420963568989e-07,1.5428420963568989e-07
